date,AAPL,MSFT,JPM,XOM,JNJ,NESN.SW,NOVN.SW,MC.PA,SAP.DE,AIR.PA
2024-08-12,215.7254180908203,400.51556396484375,197.8760223388672,111.4381332397461,151.0607452392578,82.21027374267578,90.64215850830078,604.6095581054688,184.4734344482422,128.44593811035156
2024-08-13,219.43438720703125,407.604248046875,199.55545043945312,110.3705825805664,149.65293884277344,82.24737548828125,91.04505157470703,603.7527465820312,186.69529724121094,129.00291442871094
2024-08-14,219.88067626953125,410.4100646972656,201.76272583007812,111.39130401611328,149.7379608154297,82.82240295410156,92.0850830078125,613.2726440429688,187.18255615234375,129.31019592285156
2024-08-15,222.85577392578125,415.2626647949219,203.01991271972656,112.08043670654297,150.3143310546875,82.80384826660156,92.54419708251953,624.506103515625,190.9831085205078,131.48040771484375
2024-08-16,224.1747283935547,412.7377624511719,205.34231567382812,111.55179595947266,150.5977783203125,83.30467987060547,93.2000732421875,626.5052490234375,191.78221130371094,132.15260314941406
2024-08-19,224.0160675048828,415.7558288574219,206.76263427734375,111.89163970947266,150.82455444335938,83.63856506347656,93.8840560913086,642.1179809570312,192.2109832763672,133.016845703125
2024-08-20,224.6309051513672,418.9810485839844,205.87014770507812,108.1628646850586,151.3253173828125,82.80384826660156,94.07145690917969,645.259521484375,190.90513610839844,132.9784393310547
2024-08-21,224.52182006835938,418.330078125,205.94688415527344,107.47373962402344,152.5252227783203,82.9522476196289,93.9402847290039,646.21142578125,191.48985290527344,133.5738067626953
2024-08-22,222.66734313964844,409.8577880859375,207.89508056640625,108.3044662475586,153.39450073242188,82.9522476196289,94.07145690917969,645.449951171875,191.52882385253906,133.36253356933594
2024-08-23,224.95819091796875,411.080810546875,209.50730895996094,109.80541229248047,155.07630920410156,83.04499053955078,94.07145690917969,648.4010620117188,190.6322784423828,135.20626831054688
2024-08-26,225.2953338623047,407.82598876953125,210.33265686035156,112.15595245361328,155.5298309326172,83.21192932128906,94.52119445800781,649.2578125,189.2484893798828,135.53274536132812
2024-08-27,226.13832092285156,408.1711730957031,211.30189514160156,111.08924865722656,155.12998962402344,83.17483520507812,94.40876770019531,637.6436157226562,190.28146362304688,135.26388549804688
2024-08-28,224.611083984375,404.9755554199219,212.3671417236328,109.99420928955078,156.0534210205078,83.7684097290039,95.10211944580078,634.2164916992188,190.22299194335938,135.26388549804688
2024-08-29,227.88369750976562,407.4610595703125,213.25006103515625,111.51403045654297,156.34857177734375,84.49182891845703,95.49564361572266,644.8787231445312,193.94558715820312,134.97579956054688
2024-08-30,227.10025024414062,411.4259948730469,215.73562622070312,111.33467864990234,157.9003448486328,84.4176254272461,95.68304443359375,641.9276123046875,192.67874145507812,133.304931640625
2024-09-02,227.10025024414062,411.4259948730469,215.73562622070312,111.33467864990234,157.9003448486328,84.06520080566406,96.22647094726562,640.88037109375,194.76417541503906,131.48040771484375
2024-09-03,220.9219512939453,403.8314514160156,211.41705322265625,109.00301361083984,159.13796997070312,84.84426879882812,94.970947265625,638.6908569335938,193.14649963378906,129.1949462890625
2024-09-04,219.01788330078125,403.2988586425781,210.48617553710938,107.6719741821289,159.32835388183594,83.13773345947266,94.55867767333984,611.7494506835938,188.64430236816406,128.27310180664062
2024-09-05,220.53518676757812,402.79583740234375,208.85472106933594,106.83182525634766,157.0720977783203,82.06188201904297,92.67538452148438,589.4728393554688,186.55886840820312,126.5062026977539
2024-09-06,218.98814392089844,396.1974792480469,203.89320373535156,106.33150482177734,156.49136352539062,81.1900634765625,92.3849105834961,582.6185302734375,185.8572235107422,123.24127197265625
2024-09-09,219.077392578125,400.1624450683594,208.0677947998047,108.56877899169922,158.61434936523438,81.70944213867188,93.3218765258789,586.6168823242188,187.6697998046875,124.60485076904297
2024-09-10,218.28402709960938,408.52630615234375,197.27142333984375,104.61344146728516,159.34739685058594,81.89494323730469,92.58167266845703,582.9993896484375,187.6308135986328,125.25785064697266
2024-09-11,220.8128662109375,417.2451477050781,198.8740997314453,103.5750503540039,156.91026306152344,81.39410400390625,91.3261489868164,577.8585815429688,189.46287536621094,125.04659271240234
2024-09-12,220.9219512939453,421.15093994140625,198.26947021484375,105.00048065185547,156.73887634277344,81.50540161132812,92.23500061035156,577.6681518554688,194.1015167236328,125.35386657714844
2024-09-13,220.65419006347656,424.6917724609375,196.08143615722656,104.92496490478516,157.57664489746094,81.24571228027344,91.97264862060547,578.90576171875,195.53404235839844,125.31546020507812
2024-09-16,214.52545166015625,425.43145751953125,199.4786834716797,106.3975830078125,158.97613525390625,80.46664428710938,92.20689392089844,574.6217041015625,195.04678344726562,124.27836608886719
2024-09-17,214.99154663085938,429.18927001953125,200.8126220703125,107.78526306152344,159.05227661132812,80.18840026855469,91.85084533691406,578.52490234375,195.53404235839844,124.56645202636719
2024-09-18,218.8592071533203,424.9086608886719,199.16197204589844,108.1628646850586,158.1764373779297,79.48353576660156,91.86021423339844,567.29150390625,194.49131774902344,123.6061782836914
2024-09-19,226.9713592529297,432.6808166503906,201.9930419921875,109.50334167480469,156.91026306152344,79.2052993774414,92.23500061035156,584.5224609375,200.84507751464844,128.13865661621094
2024-09-20,226.30690002441406,429.3075866699219,202.57843017578125,108.814208984375,156.28192138671875,76.08901977539062,92.78781127929688,563.4835815429688,199.28587341308594,125.64195251464844
2024-09-23,224.59124755859375,427.57171630859375,202.91432189941406,110.78717041015625,155.38702392578125,76.86808776855469,92.71285247802734,566.5298461914062,201.57595825195312,127.65853881835938
2024-09-24,225.4837646484375,423.2912292480469,203.05825805664062,110.49452209472656,154.96815490722656,77.90684509277344,92.29122161865234,584.61767578125,201.57595825195312,129.5598602294922
2024-09-25,224.49205017089844,426.19085693359375,201.7147216796875,108.34222412109375,152.8927764892578,78.24073028564453,93.09700775146484,587.8544921875,196.65472412109375,128.1962890625
2024-09-26,225.63253784179688,425.40185546875,201.32125854492188,106.48255157470703,153.64486694335938,78.66736602783203,91.72904205322266,645.9259033203125,199.28587341308594,129.00291442871094
2024-09-27,225.90028381347656,422.15692138671875,202.01223754882812,109.33341217041016,153.65435791015625,79.01980590820312,91.75714874267578,669.6304931640625,200.4552764892578,128.5035858154297
2024-09-30,231.06707763671875,424.40570068359375,202.3577117919922,110.6550064086914,154.28269958496094,78.79721069335938,91.02632141113281,655.44580078125,199.18841552734375,126.00686645507812
2024-10-01,224.33343505859375,414.9273681640625,198.69174194335938,113.2132339477539,154.216064453125,78.7601089477539,90.7077407836914,632.1220703125,199.09097290039062,123.62539672851562
2024-10-02,224.89869689941406,411.4161376953125,198.93165588378906,114.71417999267578,153.43540954589844,78.88995361328125,91.10128021240234,636.310791015625,198.55499267578125,122.281005859375
2024-10-03,223.79786682128906,410.8341979980469,196.9547119140625,115.7148208618164,152.7975616455078,77.88829803466797,91.3261489868164,629.26611328125,195.6802215576172,121.53199005126953
2024-10-04,224.91848754882812,410.36077880859375,203.94537353515625,117.83881378173828,152.5976104736328,77.64715576171875,91.55101776123047,630.1229248046875,195.58274841308594,121.80087280273438
2024-10-07,219.85092163085938,403.9300842285156,203.6653594970703,118.34856414794922,151.87413024902344,77.55441284179688,91.56975555419922,647.16357421875,195.19296264648438,122.338623046875
2024-10-08,223.89706420898438,409.02923583984375,203.4915313720703,115.20506286621094,152.0264434814453,77.29471588134766,91.42921447753906,624.0300903320312,199.7731170654297,121.32072448730469
2024-10-09,227.63575744628906,411.7415771484375,206.06959533691406,115.25225067138672,152.94033813476562,77.8697509765625,93.01268768310547,624.886962890625,202.5504608154297,122.37703704833984
2024-10-10,227.13992309570312,410.14373779296875,205.50958251953125,116.24344635009766,152.8070831298828,77.72135925292969,92.4317626953125,623.5541381835938,200.79635620117188,122.81875610351562
2024-10-11,225.66232299804688,410.61724853515625,214.6341094970703,116.68712615966797,153.71148681640625,77.90684509277344,93.17196655273438,621.7453002929688,203.28134155273438,127.63931274414062
2024-10-14,229.3811798095703,413.3985595703125,213.85202026367188,117.13081359863281,153.84478759765625,78.2036361694336,93.97776794433594,607.1798706054688,206.1561279296875,129.75192260742188
2024-10-15,231.91000366210938,413.0039978027344,214.73068237304688,113.60970306396484,156.22479248046875,77.79554748535156,94.22136688232422,595.375244140625,204.45074462890625,130.3665008544922
2024-10-16,229.85719299316406,410.419921875,215.93760681152344,113.90234375,156.39614868164062,77.79554748535156,94.44624328613281,573.4794311523438,205.279052734375,130.5585479736328
2024-10-17,230.22412109375,411.0117492675781,216.69073486328125,113.60970306396484,156.57705688476562,79.76177215576172,94.59615325927734,580.1433715820312,206.20486450195312,135.6864013671875
2024-10-18,233.05047607421875,412.4320068359375,217.6080322265625,113.28874969482422,157.19583129882812,79.74322509765625,94.61490631103516,593.2808227539062,207.42298889160156,134.01553344726562
2024-10-21,234.5181884765625,413.0435485839844,215.31964111328125,113.35482788085938,155.0157470703125,80.09566497802734,94.10893249511719,581.66650390625,205.37652587890625,133.32412719726562
2024-10-22,233.90335083007812,421.6539306640625,216.40106201171875,113.94010162353516,155.60598754882812,79.31658172607422,92.58167266845703,586.4264526367188,209.76177978515625,135.6287841796875
2024-10-23,228.8456573486328,418.7837829589844,215.7155303955078,113.53418731689453,157.9003448486328,79.1867446899414,92.45986938476562,584.1416625976562,213.07508850097656,135.5711669921875
2024-10-24,228.6572265625,418.9120178222656,217.23146057128906,112.89226531982422,155.81541442871094,78.66736602783203,92.04759979248047,598.5167846679688,213.4648895263672,135.5135498046875
2024-10-25,229.49026489257812,422.2851867675781,214.65342712402344,112.7978744506836,153.1593475341797,78.40767669677734,92.4411392211914,596.8983154296875,215.4138946533203,134.8989715576172
2024-10-28,231.46377563476562,420.7464904785156,217.73355102539062,112.24091339111328,153.84478759765625,78.27783966064453,93.51864624023438,601.7534790039062,217.02182006835938,134.3228302001953
2024-10-29,231.7315216064453,426.0331726074219,215.2230987548828,110.71165466308594,152.40724182128906,77.03502655029297,89.70519256591797,600.6111450195312,218.28868103027344,134.76454162597656
2024-10-30,228.19114685058594,426.6051940917969,216.68109130859375,110.1546859741211,152.90228271484375,76.44145202636719,89.33977508544922,588.4256591796875,213.9521484375,134.18836975097656
2024-10-31,224.035888671875,400.7838134765625,214.27684020996094,110.2396469116211,152.1882781982422,75.66238403320312,87.88748168945312,580.524169921875,209.32325744628906,134.59169006347656
2024-11-01,221.06076049804688,404.74871826171875,215.26171875,108.51213836669922,152.44532775878906,76.71969604492188,89.470947265625,581.66650390625,211.22352600097656,135.97447204589844
2024-11-04,220.16824340820312,402.8648681640625,212.21054077148438,111.96715545654297,150.64601135253906,75.84788513183594,89.5552749633789,577.572998046875,208.3487548828125,134.7069091796875
2024-11-05,221.5963134765625,405.8237609863281,213.86167907714844,112.29756164550781,150.75074768066406,74.95751953125,88.0561294555664,573.6697998046875,210.15158081054688,136.18576049804688
2024-11-06,220.87237548828125,414.4243469238281,238.55099487304688,114.22330474853516,150.3032989501953,73.60342407226562,87.8499984741211,574.1458129882812,207.52041625976562,136.70428466796875
2024-11-07,225.59288024902344,419.6024169921875,228.23883056640625,114.36490631103516,149.20849609375,73.6961669921875,87.13790130615234,589.282470703125,214.97537231445312,138.66323852539062
2024-11-08,225.32481384277344,416.75201416015625,228.8181610107422,114.32714080810547,148.00897216796875,73.25098419189453,87.00672912597656,569.6715087890625,215.75497436523438,136.64666748046875
2024-11-11,222.61448669433594,412.2840576171875,231.04859924316406,113.72298431396484,147.599609375,73.2880859375,87.22222137451172,570.7185668945312,215.9498748779297,139.70033264160156
2024-11-12,222.61448669433594,417.2353210449219,231.30931091308594,113.60970306396484,145.3147735595703,72.34207153320312,86.53824615478516,544.9197387695312,214.7804718017578,134.55328369140625
2024-11-13,223.49806213378906,419.3755798339844,232.85418701171875,114.66698455810547,145.885986328125,72.08238983154297,86.15408325195312,546.44287109375,213.8546905517578,132.95924377441406
2024-11-14,226.57574462890625,421.04241943359375,233.5397491455078,114.74312591552734,144.5817108154297,73.02839660644531,86.88491821289062,556.3435668945312,215.4138946533203,133.4009552001953
2024-11-15,223.37892150878906,409.3152770996094,236.86126708984375,113.55343627929688,146.60951232910156,71.89688110351562,85.92921447753906,558.1524047851562,211.75950622558594,132.555908203125
2024-11-18,226.3771514892578,410.06488037109375,236.59091186523438,114.50518035888672,147.34254455566406,72.5090103149414,85.47010040283203,560.3419189453125,213.0263671875,133.03604125976562
2024-11-19,226.63528442382812,412.067138671875,234.7177276611328,112.90624237060547,145.65748596191406,71.09927368164062,85.32018280029297,549.5844116210938,214.293212890625,131.806884765625
2024-11-20,227.35012817382812,409.7985534667969,232.48728942871094,114.51470184326172,145.76223754882812,70.96942138671875,85.25459289550781,547.7756958007812,214.97537231445312,132.36386108398438
2024-11-21,226.8735809326172,408.0295715332031,236.3302001953125,116.04701232910156,148.03750610351562,70.4500503540039,85.78866577148438,547.2996215820312,218.9708251953125,133.95790100097656
2024-11-22,228.21383666992188,412.11114501953125,239.98968505859375,115.91378021240234,147.72337341308594,70.48714447021484,87.77503967285156,555.0108032226562,220.14022827148438,132.45989990234375
2024-11-25,231.19223022460938,413.8801574707031,241.6697540283203,114.18160247802734,148.3040771484375,70.4500503540039,86.1353530883789,564.0547485351562,217.8014373779297,132.82479858398438
2024-11-26,233.366455078125,422.9722900390625,241.36077880859375,112.278076171875,148.28489685058594,70.33875274658203,86.1353530883789,567.3866577148438,217.5090789794922,131.26914978027344
2024-11-27,233.23736572265625,418.03094482421875,241.1869659423828,111.98303985595703,149.12937927246094,70.82102966308594,86.9036636352539,561.7698364257812,214.53683471679688,133.84268188476562
2024-11-28,233.23736572265625,418.03094482421875,241.1869659423828,111.98303985595703,149.12937927246094,71.08071899414062,87.49394226074219,558.3427734375,215.51133728027344,139.37384033203125
2024-11-29,235.62008666992188,418.49542236328125,241.119384765625,112.2685775756836,148.75511169433594,70.93233489990234,87.39087677001953,564.0547485351562,219.1657257080078,141.69769287109375
2024-12-02,237.86380004882812,425.92724609375,237.76889038085938,112.16387176513672,148.5535888671875,71.04362487792969,87.26907348632812,582.4080200195312,225.158935546875,144.5401153564453
2024-12-03,240.9017791748047,426.1446838378906,236.38815307617188,111.99256896972656,146.21205139160156,71.04362487792969,87.1566390991211,585.3869018554688,227.01048278808594,146.0381317138672
2024-12-04,241.25918579101562,432.291748046875,235.01705932617188,108.76612854003906,144.39830017089844,70.82102966308594,84.42069244384766,586.3478393554688,235.53738403320312,148.09310913085938
2024-12-05,241.28895568847656,437.4307556152344,237.0254364013672,109.24199676513672,143.48666381835938,70.4500503540039,84.68304443359375,585.3869018554688,235.19631958007812,147.44012451171875
2024-12-06,241.09039306640625,438.3696594238281,238.84068298339844,108.09038543701172,143.28512573242188,70.26456451416016,84.14897918701172,605.7582397460938,235.82974243164062,148.9957733154297
2024-12-09,244.9722442626953,440.7908935546875,235.4129180908203,107.45270538330078,143.5634307861328,70.11616516113281,83.74608612060547,627.0903930664062,234.36798095703125,150.72425842285156
2024-12-10,245.98486328125,438.1324768066406,234.4956512451172,107.23381042480469,143.20835876464844,69.05885314941406,83.16516876220703,611.1393432617188,233.92945861816406,149.99444580078125
2024-12-11,244.71409606933594,443.72613525390625,235.14256286621094,106.51998138427734,140.72286987304688,69.39274597167969,82.39685821533203,618.6343994140625,232.51641845703125,150.03286743164062
2024-12-12,246.1735076904297,444.2894287109375,233.2114715576172,106.42481231689453,140.33900451660156,69.46693420410156,82.50928497314453,620.7484130859375,235.3424835205078,153.5474395751953
2024-12-13,246.34230041503906,442.0262756347656,231.67620849609375,105.49209594726562,140.70364379882812,69.72663116455078,82.20945739746094,614.0220336914062,234.90396118164062,153.854736328125
2024-12-16,249.2313232421875,446.2956237792969,231.32861328125,103.2364501953125,138.04544067382812,69.05885314941406,82.45307159423828,606.5269775390625,234.51414489746094,151.5885009765625
2024-12-17,251.65374755859375,449.1319580078125,230.15065002441406,102.79864501953125,140.5021514892578,69.76372528076172,83.127685546875,610.7550048828125,232.9549560546875,152.24148559570312
2024-12-18,246.26287841796875,432.2620849609375,222.435791015625,101.28535461425781,138.90911865234375,68.72496032714844,82.49054718017578,611.6198120117188,234.173095703125,152.5487823486328
2024-12-19,247.9903106689453,431.90631103515625,224.93661499023438,100.41927337646484,137.78634643554688,68.81771087646484,81.55358123779297,602.9715576171875,231.00595092773438,150.30174255371094
2024-12-20,252.65647888183594,431.4813537597656,229.41680908203125,100.76190185546875,138.64041137695312,68.61367797851562,81.25375366210938,603.5481567382812,230.71360778808594,148.630859375
2024-12-23,253.4308624267578,430.1472473144531,230.1796112060547,101.17115783691406,139.4081573486328,68.7064208984375,82.15323638916016,604.6051635742188,230.32379150390625,147.7858123779297
2024-12-24,256.33978271484375,434.1793212890625,233.964599609375,101.26631164550781,139.96475219726562,68.7064208984375,82.15323638916016,606.142578125,230.32379150390625,147.59376525878906
2024-12-26,257.15380859375,432.9736633300781,234.76602172851562,101.35198974609375,139.70562744140625,68.7064208984375,82.15323638916016,606.142578125,230.32379150390625,147.59376525878906
2024-12-27,253.74853515625,425.4825439453125,232.86387634277344,101.34246063232422,139.19700622558594,69.0217514038086,83.22138214111328,610.7550048828125,233.3934783935547,149.1302032470703
2024-12-30,250.38296508789062,419.849365234375,231.0775909423828,100.6572036743164,137.55601501464844,69.4483871459961,83.10894775390625,604.7012329101562,230.2750701904297,148.2467498779297
2024-12-31,248.6157989501953,416.55841064453125,231.45416259765625,102.37987518310547,138.78436279296875,69.4483871459961,83.10894775390625,610.6588745117188,230.2750701904297,148.630859375
2025-01-02,242.09310913085938,413.6726379394531,231.734130859375,102.13241577148438,138.20858764648438,69.4483871459961,83.10894775390625,610.5628051757812,232.46771240234375,153.77792358398438
2025-01-03,241.60665893554688,418.3867492675781,234.90118408203125,102.6558837890625,138.37173461914062,69.28144073486328,83.40877532958984,587.4048461914062,228.86204528808594,152.27989196777344
2025-01-06,243.23484802246094,422.833984375,233.75592041015625,102.54167175292969,137.8631134033203,68.65077209472656,83.35255432128906,609.7940063476562,233.1498565673828,153.29779052734375
2025-01-07,240.4649658203125,417.4181823730469,236.00759887695312,103.50294494628906,140.3293914794922,69.50404357910156,84.69242095947266,619.3070678710938,237.09658813476562,152.10704040527344
2025-01-08,240.951416015625,419.5824890136719,235.9687957763672,101.770751953125,136.5292205810547,69.89356994628906,85.22649383544922,610.85107421875,238.50961303710938,152.27989196777344
2025-01-09,240.951416015625,419.5824890136719,235.9687957763672,101.770751953125,136.5292205810547,69.67098236083984,85.8636245727539,622.6702270507812,238.8994140625,150.35935974121094
2025-01-10,235.14358520507812,414.038330078125,232.80479431152344,101.39958190917969,136.3276824951172,68.66931915283203,85.34829711914062,619.7875366210938,239.58157348632812,151.3004150390625
2025-01-13,232.71119689941406,412.2989501953125,237.01698303222656,104.01687622070312,138.64041137695312,68.85481262207031,85.06720733642578,621.1328125,237.68128967285156,149.2646484375
2025-01-14,231.5992889404297,410.7967529296875,240.18093872070312,104.4261474609375,138.90911865234375,68.78062438964844,84.43006896972656,625.552978515625,241.09205627441406,149.78318786621094
2025-01-15,236.15618896484375,421.31201171875,244.91722106933594,106.12977600097656,139.12025451660156,68.31688690185547,84.87044525146484,612.2924194335938,247.13397216796875,148.2467498779297
2025-01-16,226.6154327392578,419.6022644042969,246.78067016601562,105.94893646240234,141.80728149414062,68.53947448730469,84.87980651855469,668.3135986328125,248.54701232910156,150.9547119140625
2025-01-17,228.3230438232422,424.0001220703125,251.52664184570312,106.90069580078125,141.0971221923828,68.81771087646484,83.68986511230469,663.1245727539062,250.30111694335938,154.39248657226562
2025-01-20,228.3230438232422,424.0001220703125,251.52664184570312,106.90069580078125,141.0971221923828,69.05885314941406,83.60553741455078,656.398193359375,249.4727783203125,156.9276123046875
2025-01-21,221.03591918945312,423.476318359375,255.28265380859375,106.09171295166016,142.1719207763672,69.31854248046875,83.72734069824219,673.8867797851562,250.2036590576172,156.8123779296875
2025-01-22,222.2173614501953,440.9688415527344,255.09823608398438,104.24530029296875,139.4081573486328,68.79916381835938,84.07402801513672,685.898193359375,255.6121368408203,158.57928466796875
2025-01-23,222.04861450195312,441.4728088378906,258.1166687011719,104.83539581298828,140.72286987304688,69.28144073486328,84.57061004638672,692.432373046875,255.70957946777344,160.0388946533203
2025-01-24,221.1749267578125,438.85394287109375,257.0393371582031,103.41728973388672,140.89559936523438,69.26289367675781,84.57061004638672,705.4046630859375,256.83026123046875,160.40377807617188
2025-01-27,228.20391845703125,429.46533203125,258.01959228515625,104.85442352294922,146.7206573486328,71.93399047851562,86.40706634521484,725.2955322265625,254.73509216308594,159.25146484375
2025-01-28,236.5433807373047,441.9571228027344,259.2715759277344,102.82719421386719,144.3119354248047,72.5090103149414,86.61320495605469,721.2596435546875,255.90451049804688,160.17333984375
2025-01-29,237.63548278808594,437.1441955566406,258.72802734375,103.42680358886719,145.05088806152344,72.60176086425781,87.5501708984375,685.3215942382812,260.3872375488281,160.00047302246094
2025-01-30,235.87823486328125,410.124755859375,260.32952880859375,104.28337097167969,146.7014923095703,72.97274780273438,87.88748168945312,687.8200073242188,261.21551513671875,159.71241760253906
2025-01-31,234.29969787597656,410.19384765625,259.4268493652344,101.67558288574219,146.01052856445312,71.85979461669922,89.5552749633789,676.0008544921875,261.654052734375,160.48060607910156
2025-02-03,226.36724853515625,406.1024169921875,258.9513244628906,101.92303466796875,145.74180603027344,72.21222686767578,90.03312683105469,663.1245727539062,256.4404602050781,159.96206665039062
2025-02-04,231.1227264404297,407.5354309082031,260.0480041503906,104.65455627441406,147.2964630126953,71.84123992919922,89.56464385986328,665.6229858398438,260.4846496582031,159.42433166503906
2025-02-05,230.79513549804688,408.4446716308594,262.4646301269531,104.57841491699219,148.44802856445312,71.65575408935547,92.36618041992188,659.1848754882812,263.8954162597656,160.26934814453125
2025-02-06,231.5397186279297,410.9449768066406,268.7441101074219,103.19837188720703,147.31564331054688,71.87834167480469,91.55101776123047,669.6588134765625,266.6727294921875,161.2296142578125
2025-02-07,225.989990234375,404.9461364746094,267.6764831542969,103.63619232177734,146.94137573242188,71.87834167480469,90.72648620605469,657.4552612304688,264.09033203125,160.28855895996094
2025-02-10,226.25833129882812,407.38720703125,263.05670166015625,105.6158218383789,148.0161895751953,71.74849700927734,90.82955169677734,658.5122680664062,264.8699035644531,160.78790283203125
2025-02-11,231.1979522705078,406.6163635253906,266.8903503417969,106.28205108642578,149.82994079589844,72.5275650024414,91.86021423339844,658.4161376953125,271.2529296875,160.57664489746094
2025-02-12,235.42196655273438,404.2444763183594,267.33685302734375,103.08436584472656,148.99502563476562,73.06549072265625,91.63534545898438,660.9144897460938,272.03253173828125,163.13096618652344
2025-02-13,240.05349731445312,405.7268981933594,268.18121337890625,103.8333740234375,150.9047393798828,77.61006164550781,91.6166000366211,679.5562133789062,273.1531677246094,163.22698974609375
2025-02-14,243.10470581054688,403.6416015625,268.4432373046875,103.93900299072266,149.84910583496094,76.49710845947266,89.35851287841797,685.1294555664062,269.8886413574219,161.8249969482422
2025-02-17,243.10470581054688,403.6416015625,268.4432373046875,103.93900299072266,149.84910583496094,76.44145202636719,89.70519256591797,674.0789794921875,272.95831298828125,163.72633361816406
2025-02-18,242.9755096435547,404.8374328613281,271.70428466796875,105.76351165771484,149.92649841308594,76.40435028076172,90.10808563232422,677.5382690429688,271.2529296875,166.12701416015625
2025-02-19,243.37306213378906,409.90728759765625,271.02490234375,105.91715240478516,152.73175048828125,76.51565551757812,90.5016098022461,663.8933715820312,269.25518798828125,162.2091064453125
2025-02-20,244.32720947265625,412.0759582519531,258.94158935546875,107.54959106445312,154.46327209472656,76.36725616455078,90.56720733642578,668.3135986328125,267.93963623046875,158.52166748046875
2025-02-21,244.0489044189453,404.2331237792969,256.45703125,106.29165649414062,156.9976806640625,78.92705535888672,91.96328735351562,674.94384765625,266.6240234375,153.6434783935547
2025-02-24,245.58944702148438,400.06414794921875,253.6424560546875,106.84859466552734,158.39064025878906,81.41265106201172,92.20689392089844,665.0464477539062,267.3061828613281,157.81105041503906
2025-02-25,245.52978515625,394.0235290527344,249.8184814453125,105.36980438232422,160.6638641357422,82.56270599365234,94.37128448486328,657.4552612304688,265.4546203613281,157.58059692382812
2025-02-26,238.89064025878906,395.83575439453125,251.1675262451172,105.11052703857422,157.752197265625,81.24571228027344,90.91387939453125,672.9259033203125,268.1832275390625,160.86473083496094
2025-02-27,235.849365234375,388.70587158203125,251.4198455810547,105.77311706542969,158.38095092773438,80.72633361816406,91.45732116699219,666.00732421875,260.6795654296875,158.57928466796875
2025-02-28,240.36158752441406,393.1224060058594,256.8549499511719,106.90621948242188,159.6288299560547,80.80052947998047,91.5041732788086,667.7369995117188,258.53564453125,159.11703491210938
2025-03-03,236.57485961914062,384.7052307128906,252.94363403320312,103.47808074951172,161.8149871826172,82.17317199707031,92.68473815917969,663.7972412109375,264.62628173828125,167.4521942138672
2025-03-04,234.4877166748047,384.82403564453125,242.87908935546875,103.2668228149414,160.01576232910156,83.24903106689453,93.1157455444336,641.3119506835938,252.34756469726562,162.03627014160156
2025-03-05,234.29888916015625,397.1131591796875,244.12136840820312,101.25027465820312,159.72555541992188,81.72798919677734,93.69667053222656,638.3330688476562,257.9509582519531,165.91575622558594
2025-03-06,233.8914031982422,393.0234375,239.27835083007812,103.3436508178711,160.41236877441406,81.48685455322266,93.2000732421875,627.4747924804688,254.68638610839844,166.18463134765625
2025-03-07,237.60853576660156,389.478271484375,235.14382934570312,104.68801879882812,161.24427795410156,83.21192932128906,94.55867767333984,609.8901977539062,247.8648681640625,162.82366943359375
2025-03-10,226.08938598632812,376.4563903808594,225.38014221191406,107.3575439453125,162.2212677001953,83.93535614013672,94.98968505859375,605.6621704101562,236.02462768554688,156.6395263671875
2025-03-11,219.48997497558594,376.74359130859375,222.39085388183594,104.82245635986328,160.44139099121094,82.17317199707031,92.87405395507812,596.5335083007812,232.5651397705078,156.5242919921875
2025-03-12,215.653564453125,379.5361022949219,221.1873779296875,104.79363250732422,157.5297088623047,82.58126068115234,93.4660415649414,587.88525390625,236.36572265625,157.58059692382812
2025-03-13,208.398193359375,375.07989501953125,218.5572052001953,104.35192108154297,157.66514587402344,82.7667465209961,94.06774139404297,581.3511352539062,230.85975646972656,155.77528381347656
2025-03-14,212.18490600585938,384.7745666503906,225.59364318847656,107.45357513427734,157.49102783203125,82.71110534667969,93.50486755371094,581.4471435546875,236.41444396972656,162.4779815673828
2025-03-17,212.69180297851562,384.9132080078125,227.03976440429688,109.23966979980469,157.52003479003906,83.69420623779297,95.68842315673828,585.8673706054688,240.40989685058594,164.4369354248047
2025-03-18,211.38978576660156,379.7836608886719,228.0491180419922,109.12443542480469,158.8839569091797,83.93535614013672,95.52344512939453,586.1555786132812,240.40989685058594,164.95547485351562
2025-03-19,213.9241943359375,384.0417785644531,232.06719970703125,110.82411193847656,157.66514587402344,83.24903106689453,95.33905029296875,586.732177734375,242.01783752441406,164.49456787109375
2025-03-20,212.79116821289062,383.0713195800781,231.9701385498047,111.29463195800781,157.69415283203125,84.6031265258789,96.83358001708984,580.87060546875,243.7719268798828,160.71107482910156
2025-03-21,216.9356689453125,387.4482727050781,234.51296997070312,110.9105224609375,158.28424072265625,85.02975463867188,96.2998275756836,578.9488525390625,245.5260467529297,160.0196990966797
2025-03-24,219.38064575195312,389.25048828125,240.75357055664062,111.1986083984375,157.95533752441406,83.10063934326172,95.22260284423828,572.9911499023438,248.83937072753906,160.57664489746094
2025-03-25,222.38218688964844,391.3102722167969,243.73316955566406,111.95720672607422,155.75950622558594,82.39575958251953,94.98968505859375,574.9129638671875,252.1526641845703,165.4740447998047
2025-03-26,220.17575073242188,386.17083740234375,243.63609313964844,113.57044982910156,156.4366455078125,82.48851013183594,94.40740203857422,571.2615356445312,243.7232208251953,163.76473999023438
2025-03-27,222.4815673828125,386.77484130859375,240.8118133544922,113.20555877685547,157.8005828857422,83.04499053955078,95.38758087158203,566.0725708007812,242.8948974609375,161.9978485107422
2025-03-28,216.5679473876953,375.1096496582031,235.69703674316406,113.05191802978516,158.36163330078125,83.69420623779297,95.70783996582031,564.1507568359375,240.4586181640625,159.65476989746094
2025-03-31,220.77207946777344,371.7328796386719,238.07485961914062,114.20423126220703,160.42201232910156,82.8594970703125,94.95086669921875,549.3527221679688,238.16854858398438,156.3130340576172
2025-04-01,221.82559204101562,378.46661376953125,236.483154296875,114.30986022949219,148.24334716796875,83.6200180053711,95.51374053955078,552.6198120117188,243.7719268798828,161.38327026367188
2025-04-02,222.52133178710938,378.4171142578125,238.57957458496094,113.95455932617188,150.28440856933594,83.2861328125,93.96098327636719,552.7159423828125,242.74871826171875,156.27464294433594
2025-04-03,201.94786071777344,369.4750671386719,221.95411682128906,107.96250915527344,154.5987091064453,84.08374786376953,94.42681884765625,521.6785888671875,232.8574981689453,151.7421417236328
2025-04-04,187.22840881347656,356.3343505859375,205.34344482421875,100.19397735595703,148.2336883544922,81.02312469482422,89.31243133544922,509.2827453613281,225.3050994873047,141.06390380859375
2025-04-07,180.3507080078125,354.3736267089844,209.40577697753906,98.84961700439453,145.6992645263672,77.55441284179688,84.54742431640625,487.75836181640625,215.75497436523438,131.36517333984375
2025-04-08,171.36598205566406,351.1058044433594,211.77871704101562,96.76583099365234,145.0995330810547,79.084716796875,86.02253723144531,499.4814758300781,218.0937957763672,134.66851806640625
2025-04-09,197.6343994140625,386.6857604980469,228.83859252929688,101.59596252441406,146.03781127929688,77.21125030517578,80.51026153564453,478.9179992675781,208.93345642089844,128.1770782470703
2025-04-10,189.25595092773438,377.6347961425781,221.7783203125,95.9592056274414,143.8323211669922,78.18508911132812,82.20858764648438,503.7095031738281,224.1356964111328,133.9195098876953
2025-04-11,196.9386749267578,384.6656494140625,230.65492248535156,99.04165649414062,146.77301025390625,78.81576538085938,83.5478286743164,503.9017028808594,219.06829833984375,129.5022430419922
2025-04-14,201.28196716308594,384.0318908691406,229.2096710205078,99.28173065185547,149.3170928955078,79.80814361572266,86.11958312988281,509.37884521484375,222.96629333496094,133.72744750976562
2025-04-15,200.904296875,381.97216796875,227.65699768066406,99.00324249267578,148.6012725830078,80.11420440673828,87.53646850585938,469.549072265625,226.71812438964844,135.3406982421875
2025-04-16,193.0823974609375,367.98968505859375,224.21963500976562,100.04994201660156,148.8817901611328,80.50374603271484,87.7887954711914,466.2339782714844,226.42578125,134.91818237304688
2025-04-17,195.7758331298828,364.197021484375,226.5144805908203,102.67145538330078,152.32546997070312,81.59815216064453,87.95377349853516,466.6183166503906,220.23768615722656,131.0386962890625
2025-04-21,191.9791717529297,355.62139892578125,223.61419677734375,101.1638412475586,151.79345703125,81.59815216064453,87.95377349853516,466.6183166503906,220.23768615722656,131.0386962890625
2025-04-22,198.5189666748047,363.2463684082031,230.05926513671875,103.99662017822266,152.59632873535156,83.26028442382812,88.0022964477539,468.2518615722656,212.9289093017578,130.64593505859375
2025-04-23,203.34927368164062,370.74261474609375,235.22508239746094,103.10357666015625,150.3037567138672,83.97124481201172,88.21580505371094,480.7436828613281,235.53738403320312,136.32107543945312
2025-04-24,207.09620666503906,383.52679443359375,238.89678955078125,104.3134994506836,149.86843872070312,84.00968170166016,89.28331756591797,487.47491455078125,235.00140380859375,134.7697296142578
2025-04-25,208.00064086914062,388.0325622558594,237.8323974609375,104.25588989257812,149.5299072265625,82.3763656616211,89.807373046875,486.596923828125,238.4608917236328,138.0491485595703
2025-04-28,208.85537719726562,387.3492431640625,237.5101318359375,104.3134994506836,150.27474975585938,83.34674835205078,90.64197540283203,489.7186279296875,242.45635986328125,141.70166015625
2025-04-29,209.91883850097656,390.2012023925781,238.87725830078125,104.05424499511719,150.8164520263672,83.39479064941406,91.42805480957031,477.3293151855469,248.10848999023438,141.36781311035156
2025-04-30,211.20095825195312,391.4093017578125,238.87725830078125,101.43270874023438,151.203369140625,84.29790496826172,91.02046203613281,475.96356201171875,248.79063415527344,144.47048950195312
2025-05-01,212.01596069335938,421.2556457519531,241.09396362304688,101.5767593383789,149.41383361816406,84.29790496826172,91.02046203613281,475.96356201171875,248.79063415527344,144.47048950195312
2025-05-02,204.0946807861328,431.0393981933594,246.58203125,101.98967742919922,151.0195770263672,84.16339874267578,91.42805480957031,483.7191162109375,259.5101623535156,152.14862060546875
2025-05-05,197.6741485595703,431.9207458496094,246.63087463378906,99.16649627685547,149.93617248535156,83.9135971069336,90.18585968017578,480.2071533203125,260.5334167480469,155.40838623046875
2025-05-06,197.29644775390625,429.0885925292969,243.3985595703125,100.54927825927734,149.42347717285156,84.7014389038086,90.1761474609375,477.1342468261719,257.6098937988281,153.7981414794922
2025-05-07,195.05029296875,429.1282043457031,243.53526306152344,100.45325469970703,152.16104125976562,84.69182586669922,89.10863494873047,471.6712341308594,254.83255004882812,151.7755126953125
2025-05-08,196.28271484375,433.9012451171875,247.51950073242188,101.85523986816406,150.57460021972656,83.64458465576172,88.41960144042969,475.3782653808594,256.0993957519531,155.50657653808594
2025-05-09,197.3163604736328,434.4557800292969,247.13864135742188,103.04595947265625,149.18165588378906,84.21144104003906,88.22550964355469,483.62152099609375,254.97872924804688,155.5654754638672
2025-05-12,209.776123046875,444.8832092285156,253.9450225830078,104.82245635986328,149.1042938232422,82.82792663574219,88.97277069091797,517.5214233398438,255.8070526123047,155.70294189453125
2025-05-13,211.90582275390625,444.764404296875,256.8355407714844,105.11052703857422,143.5904998779297,81.73265075683594,87.43942260742188,523.7648315429688,255.66087341308594,158.17723083496094
2025-05-14,211.30873107910156,448.52734375,259.4038391113281,104.16947174072266,141.57843017578125,81.84794616699219,86.70185852050781,512.35107421875,253.6942596435547,156.6062469482422
2025-05-15,210.43295288085938,449.53924560546875,261.2103271484375,105.22579956054688,144.72227478027344,83.19302368164062,87.67233276367188,494.8889465332031,258.8074951171875,156.33132934570312
2025-05-16,210.24386596679688,450.6702575683594,261.2787170410156,104.84784698486328,146.38607788085938,83.08734130859375,88.76896667480469,491.5721740722656,261.80657958984375,157.33282470703125
2025-05-19,207.7758026123047,455.2337646484375,258.66162109375,103.18098449707031,147.5081787109375,83.82713317871094,88.84661102294922,486.4018249511719,261.0199279785156,158.96270751953125
2025-05-20,205.8650360107422,454.53936767578125,259.44287109375,101.70793151855469,148.6399383544922,84.49966430664062,90.53522491455078,492.5476989746094,260.67578125,158.90379333496094
2025-05-21,201.1179656982422,448.98370361328125,254.9117889404297,100.4577865600586,148.17562866210938,84.98966217041016,90.99134826660156,481.5729064941406,261.36407470703125,159.15908813476562
2025-05-22,200.3914794921875,451.2555847167969,254.55047607421875,99.78910827636719,147.62425231933594,84.69182586669922,90.25379180908203,473.23211669921875,261.069091796875,158.3343048095703
2025-05-23,194.33078002929688,446.6126403808594,254.5895233154297,99.84725189208984,147.9434814453125,85.04730224609375,90.0208740234375,467.2813415527344,256.2016906738281,154.4461669921875
2025-05-26,194.33078002929688,446.6126403808594,254.5895233154297,99.84725189208984,147.9434814453125,85.16259765625,91.03987121582031,471.6224670410156,257.9224853515625,157.3131866455078
2025-05-27,199.24703979492188,457.0393371582031,259.06201171875,100.32211303710938,149.51422119140625,85.22985076904297,90.91371154785156,470.1103820800781,261.2165832519531,159.25726318359375
2025-05-28,199.4560089111328,453.7357482910156,257.30426025390625,98.9556655883789,148.71420288085938,84.07693481445312,89.99176788330078,471.81756591796875,258.9057922363281,159.39471435546875
2025-05-29,198.98826599121094,455.0453186035156,258.16363525390625,99.51775360107422,149.83619689941406,84.07693481445312,89.99176788330078,469.4762878417969,258.07000732421875,159.61073303222656
2025-05-30,199.88394165039062,456.7119445800781,257.8022766113281,99.13980865478516,151.42645263671875,84.25947570800781,91.25337219238281,466.5496826171875,261.46240234375,159.1394500732422
2025-06-02,200.72984313964844,458.3092346191406,258.4468078613281,99.86663055419922,151.61181640625,83.59654998779297,92.27236938476562,465.525390625,259.88909912109375,159.63037109375
2025-06-03,202.29229736328125,459.3013000488281,260.0190124511719,100.59346771240234,150.65570068359375,83.37557220458984,92.48587799072266,462.0134582519531,265.0514831542969,163.4203338623047
2025-06-04,201.844482421875,460.1941223144531,258.0171203613281,99.13980865478516,149.48495483398438,83.71183776855469,93.20401763916016,464.9888000488281,266.77227783203125,167.0924835205078
2025-06-05,199.66500854492188,463.97393798828125,255.80043029785156,98.68431854248047,149.9142303466797,83.71183776855469,93.81541442871094,458.5990905761719,266.4281311035156,162.4973907470703
2025-06-06,202.93917846679688,466.6525573730469,259.4917297363281,101.04893493652344,151.25083923339844,83.2987060546875,94.21331024169922,459.7209167480469,267.8047790527344,162.3402862548828
2025-06-09,200.4810791015625,469.0038146972656,260.47796630859375,101.7273178100586,151.44595336914062,83.2987060546875,94.21331024169922,460.0135498046875,263.134033203125,162.4973907470703
2025-06-10,201.6951904296875,467.1883239746094,262.2943115234375,103.90780639648438,152.63621520996094,82.69342041015625,94.6888427734375,463.23284912109375,261.2657470703125,160.94606018066406
2025-06-11,197.8238983154297,468.87481689453125,261.8548889160156,105.9332504272461,151.4752197265625,81.81912994384766,94.13567352294922,459.08685302734375,258.75830078125,160.6514892578125
2025-06-12,198.24188232421875,475.0753173828125,261.9427490234375,106.34027862548828,152.8411102294922,82.08814239501953,95.174072265625,457.379638671875,256.79168701171875,159.84637451171875
2025-06-13,195.50509643554688,471.1962585449219,258.72998046875,108.65644836425781,153.2703857421875,80.94482421875,94.29095458984375,450.1119079589844,250.4984893798828,158.6485137939453
2025-06-16,197.46563720703125,475.3431701660156,264.012939453125,109.00532531738281,151.4362030029297,79.79190063476562,93.52427673339844,455.9163513183594,253.1534423828125,159.08053588867188
2025-06-17,194.69900512695312,474.25189208984375,263.1926574707031,110.47836303710938,148.66542053222656,79.5324935913086,92.7479019165039,449.4290466308594,251.7767791748047,157.82376098632812
2025-06-18,195.63449096679688,476.4344482421875,267.5284729003906,109.69339752197266,147.05564880371094,80.00326538085938,92.16561889648438,452.69708251953125,248.72853088378906,160.02310180664062
2025-06-19,195.63449096679688,476.4344482421875,267.5284729003906,109.69339752197266,147.05564880371094,79.26347351074219,92.39852905273438,441.4784240722656,243.6153106689453,158.8252410888672
2025-06-20,200.03321838378906,473.616943359375,268.5440368652344,111.15674591064453,146.13856506347656,78.34114074707031,92.08797454833984,438.9420471191406,246.9585723876953,164.4611053466797
2025-06-23,200.5308380126953,482.1488037109375,271.7372741699219,108.2881851196289,147.63128662109375,78.24506378173828,92.27236938476562,438.7956848144531,245.77859497070312,163.97018432617188
2025-06-24,199.33660888671875,486.2261962890625,274.6571044921875,104.99320983886719,148.4800567626953,78.76387786865234,92.60232543945312,442.4539489746094,250.6951446533203,167.50486755371094
2025-06-25,200.59051513671875,488.369140625,277.3913879394531,105.02229309082031,148.56787109375,76.6021499633789,92.19473266601562,433.9179992675781,248.28604125976562,168.4278106689453
2025-06-26,200.03321838378906,493.5080871582031,281.97125244140625,106.59224700927734,148.30442810058594,75.89117431640625,93.18460845947266,426.84539794921875,247.45022583007812,172.90509033203125
2025-06-27,200.11282348632812,492.0100402832031,280.3697814941406,106.00109100341797,148.6947021484375,76.17940521240234,93.33988952636719,438.30792236328125,253.6942596435547,174.96697998046875
2025-06-30,204.1831512451172,493.4684143066406,283.1040344238281,104.46990203857422,149.0264129638672,75.73745727539062,93.3301773071289,433.7229309082031,253.84173583984375,174.04403686523438
2025-07-01,206.82041931152344,488.1508483886719,283.59228515625,105.86540985107422,152.119140625,76.0448989868164,95.00909423828125,457.5747375488281,251.3343048095703,169.19366455078125
2025-07-02,211.418212890625,487.198486328125,285.14495849609375,107.61949920654297,151.76791381835938,75.97764587402344,95.52344512939453,476.5489196777344,248.87603759765625,172.00177001953125
2025-07-03,212.52284240722656,494.8870544433594,290.443603515625,108.73397827148438,152.2069549560547,76.46763610839844,93.94158172607422,474.01251220703125,253.89093017578125,173.5531005859375
2025-07-04,212.52284240722656,494.8870544433594,290.443603515625,108.73397827148438,152.2069549560547,76.16018676757812,95.22260284423828,465.67169189453125,251.23597717285156,172.19815063476562
2025-07-07,208.94017028808594,493.77593994140625,286.4892272949219,107.67764282226562,151.48497009277344,75.34353637695312,94.7276611328125,463.72064208984375,256.79168701171875,174.0636749267578
2025-07-08,208.99989318847656,492.6846008300781,277.47174072265625,110.6624984741211,151.99229431152344,75.285888671875,94.82470703125,470.842041015625,259.7416076660156,175.67391967773438
2025-07-09,210.12445068359375,499.5200500488281,277.8446350097656,110.28455352783203,152.47036743164062,74.9976577758789,94.66943359375,475.9148254394531,261.069091796875,179.051513671875
2025-07-10,211.38833618164062,497.5061340332031,282.78021240234375,111.379638671875,153.8459930419922,74.82472229003906,96.28041076660156,492.6452331542969,258.7091369628906,179.97445678710938
2025-07-11,210.1443634033203,499.3315734863281,281.47515869140625,111.86418914794922,153.0752410888672,73.96963500976562,93.38841247558594,475.76849365234375,254.43173217773438,179.89590454101562
2025-07-14,207.6165771484375,499.033935546875,283.2806396484375,110.40084075927734,152.99720764160156,74.2674789428711,93.58250427246094,467.8178405761719,253.743408203125,179.67990112304688
2025-07-15,208.10423278808594,501.811767578125,281.1709899902344,109.42205047607422,151.38742065429688,73.5853271484375,93.22342681884766,465.67169189453125,255.46420288085938,176.8717803955078
2025-07-16,209.14918518066406,501.61334228515625,280.4547119140625,108.76304626464844,160.76315307617188,73.86395263671875,92.31118774414062,463.9645080566406,255.61172485351562,177.7161865234375
2025-07-17,209.0098419189453,507.6451721191406,284.4580993652344,108.21065521240234,159.0070343017578,73.77748107910156,90.58374786376953,465.1839294433594,261.36407470703125,181.9185333251953
2025-07-18,210.1642303466797,506.00823974609375,285.8023986816406,104.44081115722656,159.70948791503906,74.6709976196289,89.56475830078125,461.1842346191406,259.6432800292969,182.8414764404297
2025-07-21,211.4580078125,506.01812744140625,285.50799560546875,104.71217346191406,160.35337829589844,73.98885345458984,88.84661102294922,457.3308410644531,259.0533142089844,182.64511108398438
2025-07-22,213.36875915527344,501.2660827636719,285.9593811035156,105.18704223632812,163.83636474609375,74.46923828125,89.42888641357422,454.1603698730469,255.16921997070312,178.03038024902344
2025-07-23,213.11996459960938,501.861328125,291.1893005371094,106.53409576416016,164.97784423828125,74.69982147216797,90.37024688720703,468.2080993652344,244.69696044921875,180.05300903320312
2025-07-24,212.73184204101562,506.8316345214844,290.9832458496094,107.36753845214844,165.4266357421875,71.2314453125,90.76813507080078,458.7453918457031,241.99285888671875,179.2871551513672
2025-07-25,212.8512725830078,509.6392517089844,293.0144348144531,106.98957824707031,164.19735717773438,70.44361114501953,90.10821533203125,476.7440185546875,240.9112091064453,176.93069458007812
2025-07-28,213.0204620361328,508.43878173828125,292.6807861328125,107.99745178222656,162.16806030273438,69.47323608398438,90.58374786376953,477.2318115234375,239.97706604003906,174.41714477539062
2025-07-29,210.25384521484375,508.50823974609375,291.4640808105469,109.39295959472656,164.01197814941406,69.57891845703125,91.9229965209961,463.18408203125,244.3036346435547,176.1844940185547
2025-07-30,208.0444793701172,509.17291259765625,294.0054626464844,108.44324493408203,163.1826934814453,68.63736724853516,92.2141342163086,468.988525390625,248.77769470214844,175.61500549316406
2025-07-31,206.57162475585938,529.2723388671875,290.6790771484375,108.19126892089844,160.72413635253906,68.31070709228516,91.40865325927734,460.7940368652344,246.61441040039062,172.84616088867188
2025-08-01,201.40660095214844,519.956787109375,283.9380798339844,106.25305938720703,163.25099182128906,68.31070709228516,91.40865325927734,450.35577392578125,240.56704711914062,166.03208923339844
2025-08-04,202.37193298339844,531.3955078125,288.73626708984375,104.05318450927734,166.8705596923828,68.50286102294922,91.7871322631836,450.9898986816406,240.66537475585938,169.19366455078125
2025-08-05,201.94400024414062,523.5679931640625,285.9004821777344,103.92720031738281,166.577880859375,69.15618896484375,92.6508560180664,445.331787109375,242.53366088867188,172.0214080810547
2025-08-06,212.22430419921875,520.7802734375,285.880859375,103.21974182128906,166.4315185546875,68.56050872802734,89.64239501953125,446.50244140625,244.69696044921875,174.67242431640625
2025-08-07,218.97169494628906,516.7127685546875,281.55364990234375,102.67703247070312,167.34860229492188,69.2426528930664,90.30231475830078,449.8192443847656,250.4984893798828,174.18148803710938
2025-08-08,228.2468719482422,517.9031982421875,283.33953857421875,103.50078582763672,169.10472106933594,69.27147674560547,91.28248596191406,450.0631408691406,245.9261016845703,173.0229034423828
2025-08-11,226.34388732910156,517.6353149414062,284.1244812011719,102.56075286865234,169.5828094482422,69.29069519042969,93.18460845947266,446.7950744628906,245.18861389160156,172.6105194091797
2025-08-12,228.80479431152344,525.046142578125,287.3527526855469,102.85147857666016,168.56814575195312,68.8775634765625,93.38841247558594,445.96588134765625,228.12815856933594,177.57872009277344
2025-08-13,232.47125244140625,516.454833984375,285.0762634277344,104.27606964111328,170.16815185546875,69.35794830322266,94.64031219482422,458.111328125,235.01133728027344,176.30230712890625
2025-08-14,231.92327880859375,518.3397216796875,288.6381530761719,104.06287384033203,170.46084594726562,69.2426528930664,95.65930938720703,461.33056640625,235.65048217773438,180.44573974609375
2025-08-15,230.73764038085938,516.0480346679688,285.03704833984375,104.16068267822266,172.33404541015625,69.5020523071289,96.55213928222656,464.4522705078125,233.0447235107422,183.489501953125
2025-08-18,230.04022216796875,513.0023193359375,286.0575256347656,104.38565063476562,171.9535675048828,69.37715911865234,97.26058959960938,464.2084045410156,232.7005615234375,180.8777618408203
2025-08-19,229.71144104003906,505.7304382324219,285.203857421875,105.0703353881836,173.4657745361328,70.6357650756836,97.9205093383789,477.9146423339844,232.94638061523438,180.50465393066406
2025-08-20,225.17820739746094,501.71258544921875,286.754150390625,106.15605926513672,174.4804229736328,73.15298461914062,99.33739471435547,481.475341796875,229.8489532470703,175.88992309570312
2025-08-21,224.07228088378906,501.06658935546875,285.9986572265625,106.84075164794922,174.56822204589844,72.8935775756836,99.8226318359375,473.134521484375,228.27565002441406,177.63763427734375
2025-08-22,226.92176818847656,504.037841796875,290.6790771484375,108.84590911865234,174.91944885253906,72.4035873413086,98.94920349121094,482.9874572753906,228.71815490722656,177.44126892089844
2025-08-25,226.323974609375,501.0865173339844,289.3642578125,109.29584503173828,174.0609130859375,71.94241333007812,98.2504653930664,476.10992431640625,229.11148071289062,177.2645263671875
2025-08-26,228.46604919433594,498.8804931640625,292.9653625488281,109.05131530761719,173.4515838623047,71.54850006103516,98.2892837524414,474.35394287109375,227.9806671142578,176.6165008544922
2025-08-27,229.6417236328125,503.5509033203125,293.6620178222656,110.28376007080078,173.74639892578125,71.24105072021484,98.96862030029297,489.7186279296875,232.45472717285156,175.02589416503906
2025-08-28,231.70408630371094,506.43267822265625,295.4184265136719,110.87062072753906,172.4294891357422,71.96163177490234,98.54161071777344,500.54705810546875,232.40557861328125,175.37936401367188
2025-08-29,231.28562927246094,503.501220703125,295.7618713378906,111.79006958007812,174.11985778808594,72.43240356445312,98.17283630371094,491.7672424316406,227.8331756591797,175.81137084960938
2025-09-01,231.28562927246094,503.501220703125,295.7618713378906,111.79006958007812,174.11985778808594,72.52848052978516,98.54161071777344,491.3770751953125,229.99644470214844,178.6980438232422
2025-09-02,228.8745574951172,501.9410705566406,294.07415771484375,112.18132019042969,174.99453735351562,71.9904556274414,98.2116470336914,500.44952392578125,223.4574432373047,175.90956115722656
2025-09-03,237.59234619140625,502.1696472167969,293.8877258300781,109.4621353149414,174.93557739257812,71.77908325195312,100.0361328125,508.0586853027344,227.489013671875,181.3490447998047
2025-09-04,238.89752197265625,504.7731628417969,298.1168212890625,109.94141387939453,175.6824951171875,72.91278839111328,100.85132598876953,486.88958740234375,229.30813598632812,183.46986389160156
2025-09-05,238.80784606933594,491.8847961425781,288.8540344238281,106.84075164794922,175.35816955566406,72.45162200927734,100.90956115722656,484.10931396484375,224.4407501220703,180.50465393066406
2025-09-08,237.0045166015625,495.06463623046875,287.41162109375,107.44718170166016,175.06333923339844,71.78868865966797,99.29857635498047,484.0117492675781,226.60403442382812,184.41246032714844
2025-09-09,233.48751831054688,495.2733154296875,292.2588806152344,108.22969055175781,173.91348266601562,70.65498352050781,99.04624938964844,479.9632873535156,226.45654296875,184.1375274658203
2025-09-10,225.955322265625,497.2209777832031,294.89837646484375,110.03922271728516,172.7636260986328,70.6741943359375,97.76522827148438,477.7683410644531,219.9666748046875,185.13902282714844
2025-09-11,229.18341064453125,497.8569641113281,299.82415771484375,109.68709564208984,175.42697143554688,70.76066589355469,98.77452087402344,475.42706298828125,216.13177490234375,190.48033142089844
2025-09-12,233.2085418701172,506.6910095214844,301.1488037109375,109.7066650390625,174.99453735351562,70.11695861816406,95.93103790283203,478.64630126953125,217.21340942382812,189.7144775390625
2025-09-15,235.828857421875,512.1166381835938,303.1014404296875,109.89250183105469,174.34588623046875,69.136962890625,94.77618408203125,491.8648376464844,211.06771850585938,192.7386016845703
2025-09-16,237.27349853515625,505.83642578125,303.385986328125,112.17153930664062,173.42210388183594,69.06970977783203,94.01921081542969,495.2792053222656,207.42945861816406,189.419921875
2025-09-17,238.11044311523438,506.81024169921875,305.89794921875,112.76819610595703,174.14935302734375,68.69501495361328,93.72807312011719,498.7911071777344,214.0668182373047,188.2220458984375
2025-09-18,237.0045166015625,505.2501525878906,307.3501892089844,111.43794250488281,171.1616973876953,69.06010437011719,93.84452819824219,504.93695068359375,225.66989135742188,188.2220458984375
2025-09-19,244.59646606445312,514.6704711914062,308.8710632324219,110.35222625732422,173.15675354003906,69.57891845703125,94.8829345703125,498.1082458496094,223.75244140625,190.34286499023438
2025-09-22,255.13751220703125,511.21240234375,306.5749816894531,109.5697250366211,171.21083068847656,68.83912658691406,95.39728546142578,494.5963134765625,220.9499969482422,191.59963989257812
2025-09-23,253.4936065673828,506.0252685546875,306.8693542480469,111.4574966430664,173.54002380371094,68.81031036376953,94.64031219482422,510.3999938964844,222.42495727539062,190.73561096191406
2025-09-24,251.3813934326172,506.9394226074219,307.53662109375,112.05415344238281,173.6481475830078,68.483642578125,94.941162109375,496.64495849609375,224.19491577148438,190.30360412597656
2025-09-25,255.9246063232422,503.8390808105469,307.5660705566406,113.0616226196289,174.67022705078125,68.21463012695312,95.10614013671875,494.40118408203125,221.441650390625,190.34286499023438
2025-09-26,254.51980590820312,508.24114990234375,310.12701416015625,114.6559829711914,176.6161346435547,68.34913635253906,95.49433135986328,503.08349609375,221.39247131347656,192.16912841796875
2025-09-29,253.4936065673828,511.36138916015625,309.7640075683594,111.72160339355469,178.4932403564453,69.2618637084961,96.12513732910156,510.3023986816406,221.7858123779297,192.22802734375
2025-09-30,253.69285583496094,514.6903686523438,309.50885009765625,110.28376007080078,182.2278289794922,70.20342254638672,97.16354370117188,507.76605224609375,224.09658813476562,193.81863403320312
2025-10-01,254.5098419189453,516.4392700195312,304.8774719238281,109.54037475585938,182.8470001220703,70.98164367675781,100.94837188720703,511.1804504394531,223.99826049804688,195.46817016601562
2025-10-02,256.1836853027344,512.4942016601562,301.77679443359375,108.8556900024414,182.7781982421875,71.70221710205078,100.94837188720703,529.6180419921875,228.22650146484375,198.38427734375
2025-10-03,257.07037353515625,514.0940551757812,304.2102355957031,110.78260040283203,185.3924102783203,71.2890853881836,102.11294555664062,539.5684814453125,226.3090362548828,199.85707092285156
2025-10-06,255.74526977539062,525.2435302734375,304.85113525390625,111.70203399658203,184.92066955566406,71.45242309570312,102.67581939697266,527.17919921875,227.73484802246094,197.45152282714844
2025-10-07,255.53607177734375,520.682373046875,303.3819885253906,111.76072692871094,185.63809204101562,71.56771087646484,102.05471801757812,546.2996826171875,231.07809448242188,198.7770233154297
2025-10-08,257.1102294921875,521.546875,299.7732238769531,111.52597045898438,186.42433166503906,72.01927185058594,103.35514831542969,561.4204711914062,233.2413787841797,201.5753173828125
2025-10-09,253.10504150390625,519.1123657226562,301.2522277832031,110.44026184082031,187.79039001464844,72.03849029541016,103.47160339355469,545.5192260742188,233.8313751220703,200.93710327148438
2025-10-10,244.3673095703125,507.74432373046875,296.6772155761719,108.30794525146484,187.4365997314453,72.6437759399414,101.8606185913086,532.6421508789062,226.70236206054688,198.33518981933594
2025-10-13,246.74851989746094,510.8149108886719,303.6580810546875,109.78490447998047,187.6134796142578,72.34593963623047,101.41419982910156,527.17919921875,227.53817749023438,198.67884826660156
2025-10-14,246.85812377929688,510.3378601074219,297.85052490234375,109.83381652832031,187.56436157226562,72.048095703125,100.96778869628906,519.7650756835938,228.8164825439453,199.61160278320312
2025-10-15,248.4223175048828,510.19879150390625,301.4100036621094,109.16868591308594,187.8788604736328,73.14337158203125,100.96778869628906,583.2724609375,230.29144287109375,199.31704711914062
2025-10-16,246.53929138183594,508.3902282714844,294.3600769042969,108.21990203857422,188.81248474121094,79.94562530517578,101.25892639160156,587.46728515625,229.30813598632812,201.72259521484375
2025-10-17,251.36148071289062,510.3478698730469,293.3938293457031,109.78490447998047,189.8935546875,81.50206756591797,101.14247131347656,590.8816528320312,227.09568786621094,196.7642059326172
2025-10-20,261.27484130859375,513.53759765625,298.1265869140625,110.23484802246094,190.3849334716797,80.65658569335938,101.06483459472656,597.125,234.61802673339844,200.00433349609375
2025-10-21,261.8028564453125,514.4021606445312,292.9303894042969,110.24462890625,188.5766143798828,79.33072662353516,101.47242736816406,601.7100830078125,236.38796997070312,203.588134765625
2025-10-22,257.498779296875,517.2639770507812,289.9920959472656,112.20088195800781,189.61839294433594,78.62936401367188,101.7635726928711,607.9535522460938,232.89723205566406,202.06625366210938
2025-10-23,258.6246032714844,517.283935546875,290.4161376953125,113.44309997558594,189.15646362304688,77.47644805908203,101.43360900878906,605.6121826171875,237.96127319335938,203.4899444580078
2025-10-24,261.8527526855469,520.314697265625,296.2335205078125,112.86601257324219,187.12210083007812,76.96723937988281,101.00660705566406,597.5152587890625,229.4556427001953,204.6681671142578
2025-10-27,267.8207092285156,528.1749877929688,299.89154052734375,113.40398406982422,187.02381896972656,76.7654800415039,100.11377716064453,596.5397338867188,231.61892700195312,204.81544494628906
2025-10-28,268.0099792480469,538.6585083007812,301.0845947265625,112.51387786865234,183.7118377685547,76.24665832519531,95.95045471191406,599.5638427734375,230.19313049316406,203.98086547851562
2025-10-29,268.7074279785156,538.1417846679688,301.2325134277344,113.90281677246094,183.3875274658203,75.3915786743164,95.59137725830078,603.6611328125,220.55667114257812,204.6190643310547
2025-10-30,270.4011535644531,522.451171875,305.1075134277344,112.18132019042969,185.7953338623047,74.41159057617188,95.96015167236328,595.1739501953125,222.080810546875,208.841064453125
2025-10-31,269.37493896484375,514.5512084960938,306.7639465332031,111.8585433959961,185.61843872070312,73.86395263671875,96.33863830566406,597.125,220.70416259765625,209.52835083007812
2025-11-03,268.05975341796875,513.776123046875,305.0187683105469,111.27166748046875,183.05337524414062,74.65177917480469,96.56185150146484,601.7100830078125,225.03074645996094,210.26473999023438
2025-11-04,269.0461730957031,511.0931701660156,304.920166015625,111.64334106445312,183.64305114746094,75.8047103881836,98.48338317871094,596.2470703125,222.2774658203125,208.98834228515625
2025-11-05,269.14581298828125,503.9682312011719,307.3161315917969,111.19341278076172,182.7978515625,75.93921661376953,98.58042907714844,597.807861328125,224.145751953125,208.49742126464844
2025-11-06,268.7771301269531,493.9715576171875,309.03179931640625,111.99547576904297,183.75115966796875,75.79509735107422,98.91038513183594,585.321044921875,214.31263732910156,204.86453247070312
2025-11-07,267.48193359375,493.6933288574219,309.8106994628906,114.6559829711914,183.35806274414062,76.01607513427734,98.98802947998047,588.4428100585938,212.051025390625,204.27542114257812
2025-11-10,268.6986083984375,502.8155517578125,312.45318603515625,115.63410186767578,185.1663818359375,76.30430603027344,99.18212127685547,602.783203125,212.64102172851562,207.2700958251953
2025-11-11,274.5028381347656,505.4786682128906,311.200927734375,117.15998840332031,190.49305725097656,78.07212829589844,101.00660705566406,617.4161987304688,213.42767333984375,207.17190551757812
2025-11-12,272.7276306152344,507.9232177734375,315.92388916015625,115.53629302978516,191.0434112548828,78.44682312011719,101.60829162597656,631.3663940429688,214.755126953125,208.1537628173828
2025-11-13,272.2090759277344,500.1225891113281,305.1469421386719,116.19163513183594,191.88861083984375,77.9087905883789,102.61758422851562,621.220703125,214.46014404296875,206.43551635742188
2025-11-14,271.6705322265625,506.9692687988281,299.35906982421875,117.70126342773438,192.55690002441406,77.15938568115234,101.33656311035156,621.4158935546875,207.57696533203125,202.7535400390625
2025-11-17,266.73394775390625,504.2961730957031,296.1644592285156,116.11270141601562,196.14405822753906,76.73665618896484,102.65640258789062,608.73388671875,203.54539489746094,203.53903198242188
2025-11-18,266.7140197753906,490.6824035644531,295.2179260253906,117.44471740722656,196.5568389892578,76.15058898925781,98.98802947998047,596.3446044921875,201.9229278564453,200.4461669921875
2025-11-19,267.8309631347656,484.05438232421875,299.02386474609375,115.78709411621094,199.02362060546875,76.30430603027344,99.20153045654297,594.6862182617188,202.07041931152344,199.56251525878906
2025-11-20,265.5272521972656,476.3088684082031,294.2023620605469,115.46148681640625,199.573974609375,76.12176513671875,97.45468139648438,604.4415283203125,203.15206909179688,200.69163513183594
2025-11-21,270.7530212402344,470.0268249511719,293.8473815917969,115.52069091796875,200.38967895507812,77.6013412475586,99.842041015625,607.7583618164062,201.57876586914062,199.0715789794922
2025-11-24,275.1710205078125,471.8985290527344,293.8276672363281,114.42547607421875,202.502685546875,77.38037109375,99.95849609375,606.490234375,204.03704833984375,196.42056274414062
2025-11-25,276.2181396484375,474.8752136230469,298.75762939453125,112.98491668701172,204.40159606933594,76.79429626464844,101.4918441772461,604.14892578125,201.4312744140625,198.0897216796875
2025-11-26,276.79656982421875,483.3475036621094,303.33270263671875,113.241455078125,205.28182983398438,76.4580307006836,102.19058227539062,610.0996704101562,203.25039672851562,201.13348388671875
2025-11-27,276.79656982421875,483.3475036621094,303.33270263671875,113.241455078125,205.28182983398438,76.7846908569336,101.5500717163086,612.0507202148438,203.54539489746094,200.4461669921875
2025-11-28,278.093017578125,489.82867431640625,308.6965026855469,114.37613677978516,204.64886474609375,76.69822692871094,101.3947982788086,619.9525756835938,205.06951904296875,200.74073791503906
2025-12-01,282.33148193359375,484.5820007324219,304.59478759765625,115.0766830444336,203.08619689941406,76.91919708251953,101.18128967285156,626.9763793945312,205.41368103027344,189.08609008789062
2025-12-02,285.4131164550781,487.82757568359375,303.5693359375,113.84333038330078,203.1653289794922,75.90078735351562,103.06400299072266,625.9924926757812,204.38121032714844,187.0438232421875
2025-12-03,283.378662109375,475.6119689941406,307.75982666015625,116.2311019897461,203.07630920410156,75.43961334228516,104.22856903076172,620.1871337890625,203.05372619628906,194.52557373046875
2025-12-04,279.93804931640625,478.7081604003906,311.6742858886719,115.57988739013672,200.25758361816406,76.16018676757812,103.72392272949219,622.9421997070312,206.64280700683594,193.44554138183594
2025-12-05,278.02325439453125,481.01788330078125,310.6291198730469,114.9878921508789,199.713623046875,75.72784423828125,103.91802215576172,618.0223999023438,209.6910858154297,193.13133239746094
2025-12-08,277.1356506347656,488.8430480957031,310.79669189453125,114.43534088134766,199.4070281982422,75.25707244873047,103.49101257324219,615.1690063476562,206.59365844726562,194.48631286621094
2025-12-09,276.4275817871094,489.8385925292969,296.30255126953125,116.67510986328125,197.7652587890625,74.89197540283203,103.66569519042969,606.4117431640625,206.4953155517578,191.8942108154297
2025-12-10,278.02325439453125,476.4382629394531,305.76806640625,117.94792938232422,204.2730255126953,74.7574691772461,102.30703735351562,608.8716430664062,207.42945861816406,190.460693359375
2025-12-11,277.2752380371094,481.3265075683594,312.9363098144531,117.94792938232422,207.70494079589844,74.86315155029297,102.85050201416016,615.1690063476562,205.8070068359375,189.7733917236328
2025-12-12,277.52459716796875,476.4084167480469,314.06036376953125,117.23751831054688,209.25770568847656,74.89197540283203,102.38467407226562,614.480224609375,204.72535705566406,190.49996948242188
2025-12-15,273.3658752441406,472.7148742675781,315.5393371582031,116.19164276123047,211.8192901611328,75.85274505615234,104.07328796386719,616.0545043945312,206.15115356445312,192.56185913085938
2025-12-16,273.8645324707031,474.2779235839844,311.1319580078125,113.15265655517578,207.00274658203125,75.36275482177734,104.30621337890625,626.2876586914062,203.2012176513672,189.45919799804688
2025-12-17,271.10205078125,474.00909423828125,310.5699462890625,115.84630584716797,208.0214385986328,76.24665832519531,104.77203369140625,621.564697265625,203.5945587158203,186.9456329345703
2025-12-18,271.45111083984375,481.8342590332031,308.6176452636719,114.9878921508789,206.0236053466797,76.74626159667969,104.55852508544922,627.1732788085938,205.95449829101562,190.51959228515625
2025-12-19,272.9271240234375,483.7656555175781,312.7686767578125,115.1358871459961,204.10488891601562,75.69902038574219,105.31549072265625,621.564697265625,205.3153533935547,192.2869415283203
2025-12-22,270.2344665527344,482.7701110839844,318.5663757324219,116.57644653320312,205.0444793701172,74.96883392333984,105.50959014892578,617.62890625,205.06951904296875,192.16912841796875
2025-12-23,271.62066650390625,484.6915588378906,321.3666076660156,117.82952880859375,203.52137756347656,74.77668762207031,106.84883880615234,617.2352905273438,204.23370361328125,193.15098571777344
2025-12-24,273.0667419433594,485.8563232421875,324.5612487792969,117.63218688964844,205.49942016601562,74.77668762207031,106.84883880615234,621.958251953125,204.23370361328125,192.40476989746094
2025-12-26,272.6578063964844,485.5477294921875,323.31890869140625,117.5236587524414,205.35105895996094,74.77668762207031,106.84883880615234,621.958251953125,204.23370361328125,192.40476989746094
2025-12-29,273.0168762207031,484.9404296875,319.2171325683594,118.92474365234375,205.28182983398438,75.6509780883789,106.65474700927734,623.0406494140625,204.97119140625,192.4440460205078
2025-12-30,272.33868408203125,485.3187561035156,318.89178466796875,119.37861633300781,204.6389617919922,75.6509780883789,106.36360168457031,629.042724609375,204.87286376953125,195.33070373535156
2025-12-31,271.12200927734375,481.4758605957031,317.70855712890625,118.73727416992188,204.67852783203125,75.6509780883789,106.36360168457031,634.6513061523438,204.87286376953125,194.8004913330078
2026-01-02,270.2743225097656,470.84320068359375,320.92291259765625,121.01651763916016,205.0741424560547,75.6509780883789,106.36360168457031,631.5026245117188,198.5796661376953,200.00433349609375
2026-01-05,266.5345153808594,470.75360107421875,329.3630676269531,123.69042205810547,202.0675048828125,73.44121551513672,105.29608917236328,632.486572265625,202.7587432861328,204.22633361816406
2026-01-06,261.6477966308594,476.3885192871094,331.41326904296875,119.43782043457031,202.542236328125,73.17220306396484,108.2269058227539,634.0609741210938,198.67800903320312,205.60092163085938
2026-01-07,259.623291015625,481.3265075683594,323.8660888671875,116.91191101074219,205.21261596679688,71.60614013671875,110.2454833984375,619.2031860351562,204.92201232910156,209.87200927734375
2026-01-08,258.33685302734375,475.9902648925781,326.63934326171875,121.27305603027344,203.49169921875,71.44281768798828,110.40076446533203,624.3197631835938,203.05372619628906,211.2957000732422
2026-01-09,258.6659240722656,477.15509033203125,326.0450744628906,122.95040893554688,202.14663696289062,72.45162200927734,110.67249298095703,641.6373291015625,208.8061065673828,211.19752502441406
2026-01-12,259.54351806640625,475.06439208984375,321.38995361328125,122.37812805175781,207.41812133789062,72.048095703125,110.47840118408203,637.8983154296875,209.54359436035156,212.2284698486328
2026-01-13,260.3413391113281,468.5832824707031,307.9297790527344,124.85469818115234,211.3049774169922,72.2498550415039,110.28430938720703,636.2255859375,209.8877410888672,216.20498657226562
2026-01-14,259.25433349609375,457.3433532714844,304.9287414550781,128.4659423828125,216.15121459960938,73.5468978881836,112.63284301757812,627.6652221679688,202.66041564941406,211.54116821289062
2026-01-15,257.5090637207031,454.6354064941406,306.30548095703125,127.41020965576172,217.16001892089844,73.51807403564453,111.09950256347656,615.6609497070312,202.16876220703125,210.95205688476562
2026-01-16,254.8363494873047,457.8211975097656,309.48480224609375,128.1600799560547,216.260009765625,72.28829193115234,112.18643188476562,599.4257202148438,198.7763214111328,213.45578002929688
2026-01-19,254.8363494873047,457.8211975097656,309.48480224609375,128.1600799560547,216.260009765625,71.75987243652344,112.1476058959961,573.4492797851562,192.68963623046875,206.58277893066406
2026-01-20,246.0303192138672,452.5048522949219,299.8477478027344,128.72250366210938,215.81495666503906,71.03929138183594,110.88600158691406,560.8546142578125,190.76234436035156,204.17723083496094
2026-01-21,246.97775268554688,442.1409912109375,299.15447998046875,131.83055114746094,215.6171417236328,70.11695861816406,110.96363067626953,575.810791015625,187.8517303466797,203.63720703125
2026-01-22,247.67584228515625,449.1398620605469,300.729248046875,131.8601531982422,216.0918731689453,70.31871795654297,111.7011947631836,586.142333984375,186.67176818847656,202.99900817871094
2026-01-23,247.36668395996094,463.8841857910156,294.8757019042969,133.17242431640625,217.7237548828125,69.62696075439453,112.22525024414062,581.9113159179688,194.61692810058594,203.04811096191406
2026-01-26,254.7166748046875,468.1949768066406,298.16400146484375,133.0441436767578,219.05894470214844,69.03128051757812,112.45816040039062,578.5658569335938,197.5963592529297,198.72792053222656
2026-01-27,257.5688781738281,478.4493408203125,297.44097900390625,135.00765991210938,221.9765625,69.99205017089844,113.07926177978516,579.844970703125,192.27664184570312,195.7823486328125
2026-01-28,255.74388122558594,479.4946594238281,297.89654541015625,135.74766540527344,225.22056579589844,69.6942138671875,110.82776641845703,534.091064453125,192.8666229248047,191.52108764648438
2026-01-29,257.5788879394531,431.57806396484375,303.49261474609375,138.63864135742188,224.79527282714844,70.59734344482422,110.90541076660156,533.697509765625,161.87266540527344,190.48033142089844
2026-01-30,258.775634765625,428.3822937011719,302.9676818847656,139.51678466796875,224.75572204589844,70.54930114746094,111.2353744506836,538.1253051757812,167.71353149414062,189.89120483398438
2026-02-02,269.2770690917969,421.49298095703125,305.1961975097656,136.55674743652344,228.21730041503906,72.54769897460938,113.77799987792969,529.6632080078125,172.17776489257812,190.28396606445312
2026-02-03,268.7485046386719,409.3868713378906,311.8420715332031,141.81576538085938,230.54151916503906,73.0953369140625,113.42862701416016,520.512451171875,164.21295166015625,186.78854370117188
2026-02-04,275.73944091796875,412.35369873046875,314.2389221191406,145.6243438720703,231.89646911621094,75.02648162841797,115.19488525390625,527.49853515625,164.40960693359375,184.84446716308594
2026-02-05,275.1610107421875,391.9246520996094,307.1968688964844,144.13446044921875,235.18002319335938,75.35314178466797,115.75775909423828,529.5648803710938,167.63487243652344,186.08160400390625
2026-02-06,277.3650207519531,399.3615417480469,319.3199462890625,147.06491088867188,237.35589599609375,75.79509735107422,116.41767883300781,527.596923828125,168.36251831054688,187.82931518554688
2026-02-09,274.13079833984375,411.76629638671875,319.0228271484375,149.19615173339844,236.0207061767578,75.31471252441406,116.65058898925781,526.809814453125,172.00076293945312,189.63592529296875
2026-02-10,273.19244384765625,411.437744140625,315.2392883300781,149.57107543945312,235.73388671875,75.82392120361328,117.42697143554688,529.0728759765625,175.3046875,188.1435089111328
2026-02-11,275.00921630859375,402.5771789550781,307.8505859375,153.4882049560547,238.21633911132812,75.18020629882812,119.46495819091797,516.6749877929688,166.1795654296875,183.8429718017578
2026-02-12,261.2637634277344,400.05841064453125,299.74871826171875,148.91920471191406,241.8658447265625,76.2274398803711,120.14429473876953,516.0846557617188,166.86788940429688,186.96527099609375
2026-02-13,255.32435607910156,399.5407409667969,299.6595458984375,147.44918823242188,240.7779083251953,76.4580307006836,121.44471740722656,505.9499206542969,168.8541717529297,188.92898559570312
2026-02-16,255.32435607910156,399.5407409667969,299.6595458984375,147.44918823242188,240.7779083251953,77.0248794555664,122.72573852539062,509.984130859375,165.5502471923828,193.6222686767578
2026-02-17,263.4099426269531,395.1004943847656,304.19580078125,145.20443725585938,240.6592254638672,75.91999816894531,124.58905029296875,519.2333374023438,166.8088836669922,192.93496704101562
2026-02-18,263.8791198730469,397.8283386230469,305.8300476074219,149.66415405273438,242.30101013183594,75.32432556152344,123.61857604980469,525.3338623046875,170.48648071289062,197.00967407226562
2026-02-19,260.11578369140625,397.5988464355469,305.1070251464844,149.95220947265625,244.19992065429688,78.2354507446289,122.74515533447266,522.9723510742188,167.89053344726562,183.7055206298828
2026-02-20,264.1086730957031,396.37152099609375,307.82086181640625,146.28707885742188,239.8284454345703,77.73585510253906,122.72573852539062,545.8001098632812,170.8994598388672,186.29762268066406
2026-02-23,265.705810546875,383.6390686035156,294.82623291015625,149.74362182617188,243.14166259765625,78.20663452148438,124.20085906982422,549.0471801757812,165.05859375,179.81735229492188
2026-02-24,271.6552429199219,388.1593017578125,294.459716796875,148.25372314453125,244.87173461914062,79.68621826171875,125.77302551269531,552.7861938476562,163.07229614257812,179.52279663085938
2026-02-25,273.74151611328125,399.7342224121094,300.4023742675781,148.05508422851562,243.76808166503906,79.64778900146484,125.96711730957031,544.1273803710938,163.99661254882812,181.13304138183594
2026-02-26,272.4637756347656,400.851806640625,303.20538330078125,147.53857421875,242.0778045654297,79.47484588623047,124.31732177734375,542.7498168945312,169.3458251953125,183.35205078125
2026-02-27,263.70941162109375,391.8912048339844,297.4310607910156,151.47189331054688,247.00942993164062,80.68541717529297,126.64644622802734,535.3701782226562,168.1068572998047,180.89739990234375
2026-03-02,264.2484130859375,397.6886291503906,294.7172546386719,153.1802978515625,247.13868713378906,79.94562530517578,126.12239837646484,512.1488647460938,164.311279296875,177.00924682617188
2026-03-03,263.2801818847656,403.0570068359375,297.3914489746094,150.80641174316406,245.3390350341797,78.06251525878906,122.66751861572266,494.1424560546875,162.7183074951172,172.23741149902344
2026-03-04,262.0523376464844,404.32427978515625,296.52978515625,148.80996704101562,243.8973388671875,77.4188003540039,123.90972137451172,499.2590026855469,164.58660888671875,173.98512268066406
2026-03-05,259.8263244628906,409.79241943359375,290.74554443359375,149.74362182617188,238.259765625,76.99606323242188,121.13417053222656,497.6846923828125,168.12652587890625,172.68907165527344
2026-03-06,257.0013427734375,408.0761413574219,286.7144470214844,150.1905975341797,239.0253448486328,77.09213256835938,119.6202392578125,494.1424560546875,169.85716247558594,172.3159637451172
2026-03-09,259.41705322265625,408.5251770019531,287.1502685546875,149.42578125,241.20281982421875,76.90959167480469,121.5999984741211,489.71466064453125,169.01150512695312,172.23741149902344
2026-03-10,260.3653564453125,404.8830871582031,285.97161865234375,147.13136291503906,242.31643676757812,76.46763610839844,122.0,496.4055480957031,166.76956176757812,174.67242431640625
2026-03-11,260.34539794921875,404.0049743652344,284.7731628417969,150.55809020996094,241.6005401611328,76.40998840332031,121.23999786376953,492.2729187011719,162.67898559570312,173.710205078125
2026-03-12,255.3043975830078,400.9914855957031,280.18743896484375,152.4949493408203,240.6559600830078,76.88076782226562,120.83999633789062,487.0579833984375,164.2326202392578,168.91873168945312
2026-03-13,249.6744384765625,394.69512939453125,280.7321472167969,155.06747436523438,240.13894653320312,77.69742584228516,121.36000061035156,466.0997314453125,163.66229248046875,165.3251495361328
2026-03-16,252.36964416503906,399.08563232421875,283.4261474609375,156.1699981689453,241.7993927001953,77.44762420654297,121.44000244140625,471.314697265625,162.6986541748047,166.87648010253906
2026-03-17,253.77711486816406,398.5467834472656,284.1492004394531,157.73934936523438,236.74844360351562,77.66859436035156,121.77999877929688,464.6729736328125,163.46563720703125,167.22994995117188
2026-03-18,249.49476623535156,390.9432678222656,284.99102783203125,156.52757263183594,235.92318725585938,74.91119384765625,119.5,461.0323486328125,158.74574279785156,167.21031188964844
2026-03-19,248.5165252685547,388.1792297363281,285.2188720703125,157.09373474121094,236.24136352539062,73.6237564086914,116.87999725341797,452.8655090332031,157.32977294921875,160.98533630371094
2026-03-20,247.54823303222656,381.0447082519531,283.82232666015625,158.5935516357422,234.02410888671875,72.88397216796875,115.5999984741211,450.6024475097656,151.25291442871094,158.00048828125
2026-03-23,251.04200744628906,382.1722717285156,287.14031982421875,160.04371643066406,234.07382202148438,71.91358947753906,116.12000274658203,459.1136474609375,151.292236328125,163.3810577392578
2026-03-24,251.1917266845703,371.9344177246094,289.6065368652344,164.2650604248047,233.9246826171875,73.47964477539062,117.4800033569336,453.35748291015625,145.1563720703125,161.57444763183594
2026-03-25,252.16998291015625,370.2381286621094,292.59771728515625,162.1593475341797,238.5580291748047,73.76787567138672,119.62000274658203,454.93182373046875,144.44839477539062,165.40370178222656
2026-03-26,252.43951416015625,365.1790771484375,288.87359619140625,164.31471252441406,237.8719940185547,73.21062469482422,119.5199966430664,450.9468078613281,142.22610473632812,160.43548583984375
2026-03-27,248.35679626464844,355.9989318847656,280.13787841796875,169.8372344970703,239.07505798339844,73.37396240234375,119.13999938964844,448.4377136230469,140.18081665039062,157.50955200195312
2026-03-30,246.19065856933594,358.1842041015625,281.0589904785156,170.31399536132812,241.10340881347656,75.01687622070312,119.81999969482422,456.2109680175781,144.56639099121094,156.29205322265625
2026-03-31,253.33790588378906,369.3699951171875,291.3497314453125,168.51620483398438,243.04225158691406,75.34353637695312,120.86000061035156,455.6697998046875,144.44839477539062,157.90231323242188
2026-04-01,255.1746368408203,368.57171630859375,292.5580749511719,159.69607543945312,242.7240753173828,75.31471252441406,122.9000015258789,463.54144287109375,146.3756866455078,164.85385131835938
2026-04-02,255.464111328125,372.6528625488281,291.7855224609375,159.60667419433594,241.65025329589844,75.29550170898438,123.19999694824219,463.4922180175781,146.41500854492188,162.1439208984375
2026-04-06,258.39886474609375,372.0741271972656,294.125,162.2686004638672,239.5920867919922,75.29550170898438,123.19999694824219,463.4922180175781,146.41500854492188,162.1439208984375
2026-04-07,253.0484161376953,371.48541259765625,296.0662536621094,162.8049774169922,237.04673767089844,75.17059326171875,119.80000305175781,459.359619140625,142.7964324951172,159.6696319580078
2026-04-08,258.4388122558594,373.52099609375,306.5888366699219,155.16680908203125,239.9202117919922,75.66059112548828,121.18000030517578,490.8462219238281,147.20166015625,172.080322265625
2026-04-09,260.0259704589844,372.26373291015625,308.938232421875,153.99476623535156,239.93014526367188,75.8431396484375,122.18000030517578,476.1852722167969,137.17189025878906,167.70123291015625
2026-04-10,260.0159912109375,370.0684814453125,308.4803161621094,151.4818115234375,237.09645080566406,75.99685668945312,121.76000213623047,475.5456848144531,137.05389404296875,166.42481994628906
2026-04-13,258.73828125,383.539306640625,312.2732238769531,151.61094665527344,236.59930419921875,75.02648162841797,120.62000274658203,474.02056884765625,140.121826171875,167.36741638183594
2026-04-14,258.3689270019531,392.2604064941406,309.7247009277344,148.23387145996094,238.72706604003906,76.31391143798828,120.27999877929688,473.72540283203125,141.06581115722656,169.62567138671875
2026-04-15,265.95538330078125,410.3312683105469,304.5579833984375,148.0054168701172,237.30523681640625,75.3915786743164,118.33999633789062,474.16815185546875,144.09439086914062,168.5652618408203
2026-04-16,262.9307861328125,419.35174560546875,308.5599670410156,150.9553985595703,233.1988525390625,75.6509780883789,117.41999816894531,476.2836608886719,149.1289520263672,168.6634521484375
2026-04-17,269.7486267089844,421.87628173828125,308.8984375,145.45274353027344,232.84091186523438,75.91999816894531,118.81999969482422,491.3873596191406,153.6325225830078,176.2237548828125
2026-04-20,272.5635681152344,417.1664733886719,315.5683898925781,146.6843719482422,229.37088012695312,76.80000305175781,118.22000122070312,482.6793518066406,147.6933135986328,173.1800079345703
2026-04-21,265.69586181640625,423.2433166503906,311.5962829589844,147.35980224609375,224.8667755126953,75.36000061035156,116.0999984741211,478.2023620605469,148.63729858398438,170.52000427246094
2026-04-22,272.68341064453125,431.984375,311.6161804199219,148.4921112060547,224.80712890625,75.54000091552734,115.58000183105469,466.6900939941406,147.31967163085938,166.24000549316406
2026-04-23,272.9429016113281,414.8514709472656,310.29217529296875,149.51516723632812,229.3311004638672,79.98999786376953,116.27999877929688,467.5756530761719,138.35186767578125,168.16000366210938
2026-04-24,270.5771179199219,423.7023010253906,306.8974609375,147.90609741210938,226.19911193847656,81.16999816894531,113.69999694824219,464.0826110839844,144.82205200195312,165.9199981689453
2026-04-27,267.1332702636719,423.9018859863281,310.232421875,147.19094848632812,224.0514678955078,80.4800033569336,114.08000183105469,459.95001220703125,146.47401428222656,165.55999755859375
2026-04-28,270.2277526855469,428.3222961425781,310.0532531738281,149.5449676513672,226.48745727539062,80.44000244140625,114.72000122070312,454.75,146.39535522460938,166.10000610351562
2026-04-29,269.688720703125,423.5426330566406,307.86309814453125,153.62725830078125,226.0499725341797,79.30000305175781,113.33999633789062,448.45001220703125,143.44541931152344,174.6199951171875
2026-04-30,270.86663818359375,406.8987121582031,311.82525634765625,153.28955078125,228.5356903076172,79.05000305175781,115.9000015258789,451.3999938964844,143.07176208496094,174.8800048828125
2026-05-01,279.6409912109375,413.5443115234375,311.06866455078125,151.72019958496094,225.89088439941406,79.05000305175781,115.9000015258789,451.3999938964844,143.07176208496094,174.8800048828125
2026-05-04,276.3368225097656,412.72607421875,306.270263671875,152.65386962890625,222.91798400878906,78.16999816894531,113.83999633789062,444.95001220703125,145.5890350341797,176.17999267578125
2026-05-05,283.67376708984375,410.4909362792969,308.0124206542969,153.83584594726562,224.26026916503906,77.56999969482422,113.54000091552734,450.95001220703125,147.3000030517578,177.86000061035156
2026-05-06,286.99786376953125,413.0653381347656,313.4877624511719,147.6875762939453,223.33558654785156,78.61000061035156,115.63999938964844,474.0,149.32000732421875,188.5
2026-05-07,286.927978515625,419.8606262207031,304.8964538574219,145.591796875,221.23764038085938,77.4800033569336,113.30000305175781,478.29998779296875,151.3800048828125,183.44000244140625
2026-05-08,292.7974853515625,414.22283935546875,300.74517822265625,143.59535217285156,220.05445861816406,77.47000122070312,113.36000061035156,472.70001220703125,146.1999969482422,179.8800048828125
2026-05-11,292.42779541015625,411.7681579589844,298.6545715332031,148.6708984375,220.163818359375,76.0999984741211,113.69999694824219,452.0,144.4600067138672,175.47999572753906
2026-05-12,294.54595947265625,406.8887023925781,303.5126953125,149.614501953125,222.97763061523438,77.31999969482422,115.9000015258789,453.04998779296875,142.39999389648438,172.52000427246094
2026-05-13,298.6124572753906,404.3342590332031,298.9034729003906,150.5481719970703,229.1024169921875,76.87999725341797,116.80000305175781,452.29998779296875,136.25999450683594,173.44000244140625
2026-05-14,297.9530334472656,408.5451354980469,298.56500244140625,151.75,229.48025512695312,76.87999725341797,116.80000305175781,460.8500061035156,141.22000122070312,172.74000549316406
2026-05-15,299.9713134765625,421.0081481933594,296.4743957519531,157.9199981689453,225.41363525390625,78.06999969482422,116.68000030517578,455.6000061035156,144.05999755859375,167.67999267578125
2026-05-18,297.5833435058594,422.6246643066406,299.3813171386719,160.49000549316406,227.61099243164062,78.23999786376953,117.19999694824219,456.25,147.86000061035156,170.3800048828125
2026-05-19,298.7123718261719,416.51788330078125,294.3738708496094,162.5500030517578,228.684814453125,79.9000015258789,119.04000091552734,462.0,156.72000122070312,169.10000610351562
2026-05-20,301.98956298828125,420.1499938964844,300.625732421875,156.27999877929688,228.0087127685547,78.63999938964844,118.54000091552734,473.79998779296875,153.4199981689453,173.36000061035156
2026-05-21,304.7271728515625,419.0899963378906,301.6411437988281,155.2899932861328,230.40492248535156,78.80000305175781,119.23999786376953,473.54998779296875,150.89999389648438,165.9600067138672
2026-05-22,308.55389404296875,418.57000732421875,305.0059814453125,154.9199981689453,233.0,78.77999877929688,119.45999908447266,472.6000061035156,151.77999877929688,169.52000427246094
2026-05-25,308.55389404296875,418.57000732421875,305.0059814453125,154.9199981689453,233.0,78.77999877929688,119.45999908447266,477.8999938964844,154.47999572753906,174.25999450683594
2026-05-26,308.0643005371094,416.0299987792969,305.3643493652344,149.80999755859375,230.17999267578125,79.37999725341797,118.44000244140625,469.20001220703125,151.4600067138672,172.27999877929688
2026-05-27,310.5821533203125,412.6700134277344,297.93780517578125,147.89999389648438,231.2899932861328,81.06999969482422,119.58000183105469,483.95001220703125,150.0,173.6999969482422
2026-05-28,312.24072265625,426.989990234375,295.3992614746094,146.9600067138672,230.8000030517578,79.83000183105469,118.26000213623047,480.95001220703125,151.60000610351562,177.6999969482422
2026-05-29,311.7911071777344,450.239990234375,297.9676818847656,145.25999450683594,225.3300018310547,79.44000244140625,117.81999969482422,473.04998779296875,155.25999450683594,179.6999969482422
2026-06-01,306.0460510253906,460.5199890136719,295.2499084472656,149.3800048828125,223.50999450683594,77.87000274658203,113.9000015258789,469.79998779296875,167.89999389648438,173.17999267578125
2026-06-02,314.92840576171875,441.30999755859375,299.6102600097656,149.55999755859375,222.88999938964844,77.76000213623047,113.0,475.0,162.86000061035156,172.67999267578125
2026-06-03,309.9926452636719,427.3399963378906,299.50079345703125,152.52999877929688,223.24000549316406,77.27999877929688,113.5199966430664,460.8500061035156,155.94000244140625,169.3000030517578
2026-06-04,310.9618225097656,428.04998779296875,309.4957580566406,152.0399932861328,228.1699981689453,76.68000030517578,115.83999633789062,474.1000061035156,164.5,177.0
2026-06-05,307.0751647949219,416.6700134277344,310.9691162109375,149.9199981689453,232.77000427246094,76.95999908447266,117.9800033569336,479.04998779296875,161.47999572753906,178.9600067138672
2026-06-08,301.2801818847656,411.739990234375,309.7147521972656,151.75,232.16000366210938,76.61000061035156,117.33999633789062,482.45001220703125,158.10000610351562,176.9600067138672
2026-06-09,290.29962158203125,403.4100036621094,311.2976379394531,148.91000366210938,237.0,77.7300033569336,118.37999725341797,492.29998779296875,154.6999969482422,175.74000549316406
2026-06-10,291.3287353515625,397.3599853515625,307.75360107421875,150.6199951171875,238.49000549316406,79.7300033569336,119.04000091552734,487.6499938964844,149.6999969482422,174.9600067138672
2026-06-11,295.375244140625,390.3399963378906,312.0840759277344,146.60000610351562,238.3300018310547,79.43000030517578,121.54000091552734,493.20001220703125,139.89999389648438,175.25999450683594
2026-06-12,290.879150390625,390.739990234375,319.28167724609375,147.00999450683594,240.8699951171875,79.80999755859375,122.08000183105469,510.6000061035156,140.25999450683594,179.27999877929688
2026-06-15,296.1645812988281,399.760009765625,317.96759033203125,140.9199981689453,235.66000366210938,79.11000061035156,120.22000122070312,512.5999755859375,143.17999267578125,183.67999267578125
2026-06-16,298.9821472167969,393.8299865722656,329.6549377441406,141.86000061035156,235.17999267578125,79.58000183105469,119.69999694824219,520.2999877929688,142.89999389648438,185.3000030517578
2026-06-17,295.6949768066406,378.9100036621094,331.9645080566406,140.74000549316406,234.1999969482422,79.08999633789062,121.0,511.0,141.17999267578125,187.02000427246094
2026-06-18,297.7532043457031,379.3999938964844,323.761474609375,137.80999755859375,228.38999938964844,78.95999908447266,118.04000091552734,505.1000061035156,134.86000061035156,191.94000244140625
2026-06-19,297.7532043457031,379.3999938964844,323.761474609375,137.80999755859375,228.38999938964844,78.77999877929688,118.30000305175781,499.25,134.13999938964844,189.4199981689453
2026-06-22,296.75408935546875,367.3399963378906,329.993408203125,138.47000122070312,231.2899932861328,79.0,120.27999877929688,481.3500061035156,132.22000122070312,189.52000427246094
2026-06-23,294.04638671875,373.94000244140625,332.6414794921875,139.72999572753906,239.0800018310547,80.22000122070312,123.41999816894531,483.70001220703125,134.52000427246094,193.25999450683594
2026-06-24,292.8274230957031,365.4599914550781,331.95458984375,136.89999389648438,241.0,82.88999938964844,124.33999633789062,493.0,134.86000061035156,195.10000610351562
2026-06-25,274.91290283203125,352.8299865722656,333.6170654296875,137.5500030517578,244.8800048828125,83.51000213623047,126.0,494.3999938964844,132.27999877929688,195.0800018310547
2026-06-26,283.53546142578125,372.9700012207031,327.57427978515625,136.5399932861328,254.66000366210938,83.29000091552734,126.27999877929688,495.75,135.13999938964844,191.89999389648438
2026-06-29,281.4972229003906,368.57000732421875,327.91278076171875,136.05999755859375,258.510009765625,84.30000305175781,126.19999694824219,492.29998779296875,136.63999938964844,191.5800018310547
2026-06-30,289.11065673828125,373.0199890136719,325.86199951171875,136.72000122070312,253.97000122070312,83.08000183105469,126.58000183105469,484.1000061035156,134.0,194.5399932861328
2026-07-01,294.1263427734375,384.2799987792969,332.5718078613281,136.27999877929688,253.97999572753906,82.87999725341797,125.0,481.0,140.8800048828125,198.22000122070312
2026-07-02,308.3640441894531,390.489990234375,332.9700012207031,137.08999633789062,263.0400085449219,84.44999694824219,128.02000427246094,497.95001220703125,141.72000122070312,203.89999389648438
2026-07-03,308.3640441894531,390.489990234375,332.9700012207031,137.08999633789062,263.0400085449219,84.55000305175781,127.91999816894531,495.70001220703125,139.63999938964844,206.14999389648438
2026-07-06,312.3905944824219,386.739990234375,337.7200012207031,136.44000244140625,259.3299865722656,83.68000030517578,125.0999984741211,491.3999938964844,140.05999755859375,209.39999389648438
2026-07-07,310.3923034667969,388.8399963378906,339.2200012207031,141.69000244140625,267.239990234375,85.12000274658203,126.80000305175781,495.79998779296875,143.89999389648438,203.9499969482422
2026-07-08,313.1199645996094,383.3399963378906,330.6199951171875,141.1300048828125,263.3999938964844,84.11000061035156,125.9000015258789,484.8999938964844,137.9600067138672,197.36000061035156
2026-07-09,315.947509765625,384.3599853515625,335.4700012207031,137.4600067138672,259.1000061035156,83.30999755859375,124.30000305175781,492.95001220703125,137.74000549316406,196.52000427246094
2026-07-10,315.0483093261719,385.1000061035156,336.4700012207031,138.8800048828125,256.9800109863281,83.16000366210938,124.27999877929688,489.8999938964844,137.5800018310547,197.25999450683594
2026-07-13,317.03656005859375,390.989990234375,334.5299987792969,144.50999450683594,257.7699890136719,84.16000366210938,124.58000183105469,491.5,140.72000122070312,195.27999877929688
2026-07-14,314.58868408203125,384.92999267578125,342.8900146484375,145.08999633789062,253.85000610351562,83.87999725341797,122.41999816894531,482.95001220703125,136.72000122070312,195.94000244140625
2026-07-15,327.2178039550781,395.6300048828125,346.9100036621094,144.50999450683594,247.02000427246094,83.86000061035156,122.0,495.79998779296875,136.97999572753906,195.3800048828125
2026-07-16,332.97283935546875,401.1000061035156,343.1499938964844,145.9499969482422,249.97000122070312,84.5,123.26000213623047,503.1000061035156,137.63999938964844,195.6199951171875
2026-07-17,333.452392578125,393.82000732421875,341.1000061035156,147.36000061035156,253.0399932861328,85.55000305175781,125.0,495.1000061035156,137.9199981689453,194.32000732421875
2026-07-20,326.3085632324219,402.2900085449219,338.8699951171875,148.36000061035156,248.82000732421875,85.7300033569336,123.0999984741211,486.8500061035156,138.25999450683594,191.77999877929688
2026-07-21,327.45758056640625,397.75,345.2300109863281,151.7100067138672,250.61000061035156,84.27999877929688,125.54000091552734,478.54998779296875,136.4199981689453,194.60000610351562
2026-07-22,325.60919189453125,390.3399963378906,348.2099914550781,154.4499969482422,255.6300048828125,86.16999816894531,125.33999633789062,474.0,132.0399932861328,208.3000030517578
2026-07-23,321.3828430175781,381.5799865722656,349.8999938964844,156.88999938964844,259.2699890136719,79.29000091552734,127.66000366210938,453.54998779296875,128.32000732421875,204.5
2026-07-24,332.7330322265625,381.70001220703125,353.2099914550781,156.94000244140625,263.3999938964844,80.66999816894531,126.9000015258789,461.70001220703125,140.1999969482422,206.0500030517578
2026-07-27,336.61968994140625,389.1000061035156,356.20001220703125,154.77000427246094,265.95001220703125,80.38999938964844,128.52000427246094,466.79998779296875,151.27999877929688,208.89999389648438
2026-07-28,339.78692626953125,393.3500061035156,357.30999755859375,153.0399932861328,266.7300109863281,82.4000015258789,130.39999389648438,470.29998779296875,159.24000549316406,212.0
2026-07-29,337.8985900878906,390.5400085449219,344.7099914550781,156.75,265.5299987792969,82.70999908447266,129.74000549316406,467.95001220703125,162.0399932861328,209.89999389648438
2026-07-30,333.1426696777344,451.1000061035156,350.8500061035156,156.97000122070312,255.82000732421875,82.37999725341797,126.77999877929688,473.29998779296875,155.9199981689453,204.0
2026-07-31,308.6438293457031,464.7200012207031,351.7900085449219,155.44000244140625,256.3500061035156,81.01000213623047,126.5999984741211,473.29998779296875,155.9199981689453,204.0
2026-08-03,303.1585693359375,487.6499938964844,352.6400146484375,155.05999755859375,254.41000366210938,80.7699966430664,124.5,486.8999938964844,164.63999938964844,208.0
2026-08-04,309.1134033203125,492.80999755859375,357.5199890136719,153.9600067138672,254.92999267578125,80.66000366210938,124.5999984741211,485.0,167.3800048828125,214.10000610351562
2026-08-05,310.7320251464844,487.4599914550781,359.239990234375,151.6300048828125,257.5899963378906,81.3499984741211,124.45999908447266,479.70001220703125,169.25999450683594,214.9499969482422
2026-08-06,312.14080810546875,499.8599853515625,356.29998779296875,154.83999633789062,256.9800109863281,81.12000274658203,125.18000030517578,481.45001220703125,170.97999572753906,212.4499969482422
2026-08-07,313.05999755859375,499.989990234375,357.5199890136719,153.0399932861328,259.239990234375,81.20999908447266,125.9800033569336,480.0,177.9600067138672,213.60000610351562
2026-08-10,308.260009765625,506.05999755859375,359.7900085449219,159.7899932861328,261.80999755859375,80.61000061035156,126.80000305175781,482.45001220703125,179.3000030517578,214.64999389648438
2026-08-11,304.9100036621094,503.80999755859375,362.0400085449219,159.8000030517578,259.79998779296875,80.16999816894531,126.80000305175781,482.45001220703125,179.3000030517578,214.64999389648438
2026-08-12,304.9100036621094,503.80999755859375,362.0400085449219,159.8000030517578,259.79998779296875,79.80000305175781,125.22000122070312,471.79998779296875,179.6999969482422,213.0
